district,year,annual_rainfall_mm,avg_temperature_c,avg_humidity_percent,avg_wind_speed_mps,avg_pressure_kpa,max_daily_rainfall_mm
AJMER,1986,353.17,25.342,34.717123287671235,2.4787945205479454,96.47994520547945,44.84
AJMER,1987,220.49,26.728575342465753,30.140383561643834,2.414328767123288,96.52449315068493,13.98
AJMER,1988,378.63,26.485027322404374,36.43035519125683,2.5658743169398908,96.41549180327868,22.68
AJMER,1989,296.17,25.869342465753423,31.946630136986304,2.519123287671233,96.47682191780822,48.47
AJMER,1990,479.21,25.79794520547945,40.185095890410956,2.4495342465753427,96.44857534246576,30.63
AJMER,1991,316.26,26.082547945205476,32.43043835616439,2.3895616438356164,96.48797260273973,21.28
AJMER,1992,564.07,25.016830601092895,42.161147540983606,2.308743169398907,96.54601092896176,55.36
AJMER,1993,420.19,26.131205479452053,35.732027397260275,2.483260273972603,96.50843835616439,41.48
AJMER,1994,554.14,25.350520547945205,40.63764383561644,2.3386575342465754,96.4754794520548,43.43
AJMER,1995,532.3,25.495671232876713,38.91523287671233,2.326821917808219,96.47745205479451,33.35
AJMER,1996,571.45,25.217759562841533,39.43819672131147,2.339535519125683,96.44259562841529,30.88
AJMER,1997,564.63,24.41090410958904,45.488082191780826,2.438,96.57095890410959,57.83
AJMER,1998,458.89,25.716712328767123,40.03150684931507,2.310986301369863,96.49334246575343,32.25
AJMER,1999,221.12,26.584767123287673,32.19013698630137,2.559041095890411,96.41600000000001,21.66
AJMER,2000,233.72,26.309125683060106,31.14863387978142,2.5981420765027323,96.38565573770492,22.51
AJMER,2001,430.16,25.724383561643833,35.74624657534246,2.3220547945205476,96.45301369863013,50.22
AJMER,2002,145.55,27.076301369863014,29.166520547945208,2.537917808219178,96.46484931506849,14.47
AJMER,2003,408.21999999999997,25.572986301369863,39.087753424657535,2.4083287671232876,96.4966301369863,18.19
AJMER,2004,465.54,26.065628415300548,39.04234972677595,2.405601092896175,96.49833333333333,33.91
AJMER,2005,342.23,25.581863013698626,37.52008219178082,2.3524931506849316,96.49378082191782,20.43
AJMER,2006,355.11,26.414712328767127,39.357123287671236,2.4103835616438354,96.4692602739726,24.32
AJMER,2007,404.05,25.949835616438357,39.32920547945206,2.342,96.45687671232878,26.31
AJMER,2008,470.87,25.439480874316942,40.86106557377049,2.3343715846994537,96.4561475409836,32.64
AJMER,2009,312.26,26.567506849315066,37.00101369863014,2.385972602739726,96.46531506849314,18.68
AJMER,2010,594.3100000000001,25.94279452054795,45.111123287671234,2.252876712328767,96.44304109589041,25.3
AJMER,2011,538.46,25.32331506849315,45.43646575342466,2.3162191780821915,96.43076712328768,26.47
AJMER,2012,556.24,24.845628415300546,41.13628415300546,2.2816120218579234,96.4550819672131,53.63
AJMER,2013,598.21,24.78983561643836,46.52452054794521,2.2116712328767125,96.48153424657535,24.9
AJMER,2014,468.68,25.27654794520548,42.73512328767123,2.4412054794520546,96.5625205479452,36.71
AJMER,2015,430.87,25.430602739726027,41.965397260273974,2.3354520547945206,96.58953424657534,29.71
AJMER,2016,593.36,25.972295081967214,42.86,2.347704918032787,96.51166666666666,35.82
AJMER,2017,509.92,25.556,41.10484931506849,2.334712328767123,96.51602739726027,30.02
AJMER,2018,393.43,25.934876712328766,37.580219178082196,2.371123287671233,96.49235616438357,27.69
AJMER,2019,727.79,24.984821917808215,49.89808219178082,2.1546849315068495,96.55769863013698,52.88
AJMER,2020,512.03,25.28071038251366,46.57295081967213,2.1612841530054645,96.51887978142078,36.89
AJMER,2021,599.89,25.759397260273975,47.15180821917808,2.3458630136986303,96.45361643835616,56.66
AJMER,2022,719.44,25.680575342465755,48.810712328767124,2.357835616438356,96.42419178082193,51.77
ALWAR,1986,387.48,26.065479452054795,35.17504109589041,2.0675068493150683,97.87471232876712,27.21
ALWAR,1987,322.18,27.430849315068492,30.122876712328768,2.0455342465753423,97.90342465753425,23.09
ALWAR,1988,605.07,26.754863387978144,38.85131147540984,2.123497267759563,97.80267759562841,31.05
ALWAR,1989,352.07,26.49750684931507,31.569561643835616,2.095068493150685,97.85320547945204,48.3
ALWAR,1990,761.22,25.95290410958904,43.89643835616439,2.1172054794520547,97.84227397260274,33.9
ALWAR,1991,575.92,26.353287671232877,36.10189041095891,2.0634520547945203,97.87208219178082,43.53
ALWAR,1992,533.27,26.068032786885244,39.24262295081967,2.1410109289617485,97.92789617486339,36.22
ALWAR,1993,654.48,26.459890410958906,36.73501369863014,2.1533424657534246,97.88298630136987,59.59
ALWAR,1994,692.32,26.16378082191781,39.52041095890411,2.027917808219178,97.86041095890411,42.37
ALWAR,1995,721.21,25.913643835616437,41.70928767123287,2.1116712328767124,97.86090410958904,50.05
ALWAR,1996,753.73,25.704617486338798,41.574262295081965,2.076584699453552,97.82521857923497,35.04
ALWAR,1997,559.03,25.53049315068493,41.605260273972604,2.0486575342465754,97.95934246575344,27.29
ALWAR,1998,632.82,25.878575342465755,43.86164383561644,2.0214520547945205,97.89583561643836,38.36
ALWAR,1999,340.56,27.345808219178082,32.44564383561644,2.1881643835616438,97.77931506849315,18.54
ALWAR,2000,370.92,26.917978142076503,31.927923497267763,2.164590163934426,97.74838797814209,17.91
ALWAR,2001,414.38,26.81695890410959,33.989835616438356,2.027698630136986,97.8233698630137,42.37
ALWAR,2002,344.95,27.476712328767125,33.085150684931506,2.050164383561644,97.83876712328768,36.21
ALWAR,2003,641.0,25.881780821917808,43.30671232876713,1.81386301369863,97.89709589041097,58.35
ALWAR,2004,583.38,26.704125683060106,40.58841530054645,2.0531420765027324,97.87224043715847,33.88
ALWAR,2005,477.24,26.08819178082192,40.25243835616438,2.0693424657534245,97.8801917808219,39.9
ALWAR,2006,462.02,26.958931506849314,39.4794794520548,2.153068493150685,97.86468493150686,31.65
ALWAR,2007,551.8199999999999,26.430383561643836,40.65772602739726,2.062219178082192,97.84917808219177,60.01
ALWAR,2008,630.14,25.840628415300547,43.86833333333333,1.8744262295081966,97.84341530054645,26.21
ALWAR,2009,469.3,26.991698630136984,39.06827397260274,1.9756164383561645,97.84964383561645,30.7
ALWAR,2010,693.06,26.50832876712329,45.70043835616438,1.8703835616438358,97.8413698630137,37.69
ALWAR,2011,639.16,25.556657534246575,47.89876712328767,1.839945205479452,97.83041095890411,27.85
ALWAR,2012,687.48,25.512896174863386,41.16978142076503,2.089781420765027,97.82543715846995,61.5
ALWAR,2013,929.48,24.987753424657537,49.87128767123288,1.932109589041096,97.87860273972603,57.18
ALWAR,2014,539.9,25.869671232876712,41.88301369863014,1.921123287671233,97.95432876712329,33.78
ALWAR,2015,544.29,25.927698630136987,41.891561643835615,1.8592054794520547,98.0014794520548,33.36
ALWAR,2016,688.12,26.694699453551912,39.60699453551913,1.7942622950819673,97.89180327868853,74.7
ALWAR,2017,444.86,26.629890410958904,38.14479452054795,1.9825205479452055,97.89082191780822,33.64
ALWAR,2018,733.22,26.081835616438358,43.206931506849315,1.8496986301369862,97.86613698630137,36.06
ALWAR,2019,602.69,25.751397260273972,47.86087671232877,1.8543561643835618,97.95375342465753,32.93
ALWAR,2020,517.23,25.69210382513661,45.6142349726776,1.85827868852459,97.93273224043715,23.81
ALWAR,2021,902.13,25.448739726027398,51.00621917808219,1.8858356164383563,97.87898630136986,66.69
ALWAR,2022,729.43,26.124794520547944,50.163178082191784,1.9524383561643834,97.82038356164384,70.13
BANSWARA,1986,689.57,26.298027397260277,42.135397260273976,2.6710136986301367,97.63520547945205,54.99
BANSWARA,1987,644.77,27.24819178082192,40.28334246575343,2.5861917808219177,97.69523287671234,105.75
BANSWARA,1988,818.16,26.710956284153003,46.81584699453551,2.4742896174863387,97.59363387978141,43.91
BANSWARA,1989,593.51,26.558849315068493,40.580301369863015,2.512739726027397,97.64627397260274,32.06
BANSWARA,1990,940.28,26.256657534246575,51.828986301369866,2.598027397260274,97.6301917808219,66.74
BANSWARA,1991,613.76,26.79534246575342,40.970109589041094,2.5336986301369864,97.65227397260274,40.04
BANSWARA,1992,636.69,26.35918032786885,44.20330601092896,2.5791256830601093,97.70439890710382,49.42
BANSWARA,1993,792.91,26.627972602739725,45.311232876712324,2.6153424657534248,97.69413698630137,48.72
BANSWARA,1994,1102.45,25.843479452054797,48.90775342465753,2.5636712328767124,97.6432602739726,66.1
BANSWARA,1995,682.37,26.60101369863014,44.2012602739726,2.5729041095890413,97.63054794520548,88.56
BANSWARA,1996,889.58,26.110928961748634,48.537732240437165,2.5535245901639345,97.6115300546448,77.42
BANSWARA,1997,1001.48,25.520684931506846,53.83279452054795,2.5173972602739725,97.73531506849315,109.16
BANSWARA,1998,811.12,26.595342465753422,48.98021917808219,2.419808219178082,97.63542465753424,36.97
BANSWARA,1999,646.12,26.5927397260274,45.002849315068495,2.628027397260274,97.59832876712329,42.65
BANSWARA,2000,597.12,26.81672131147541,39.59885245901639,2.607431693989071,97.5674043715847,78.69
BANSWARA,2001,530.82,26.77309589041096,41.41731506849315,2.553808219178082,97.61065753424657,33.57
BANSWARA,2002,490.44,27.16345205479452,40.49235616438356,2.676328767123288,97.66142465753424,29.7
BANSWARA,2003,828.91,26.32802739726027,50.14649315068493,2.576191780821918,97.6699178082192,63.47
BANSWARA,2004,761.66,26.709644808743167,47.454918032786885,2.478114754098361,97.6712568306011,92.89
BANSWARA,2005,787.79,26.08846575342466,46.8845205479452,2.4096986301369863,97.65632876712328,53.59
BANSWARA,2006,1032.92,26.48764383561644,51.62241095890411,2.40172602739726,97.64627397260274,40.82
BANSWARA,2007,820.57,26.554739726027396,49.044136986301375,2.360164383561644,97.61635616438356,49.38
BANSWARA,2008,595.74,26.41639344262295,46.091939890710385,2.5655737704918034,97.61830601092898,35.8
BANSWARA,2009,761.36,27.040383561643836,48.89301369863014,2.4762191780821916,97.63676712328767,83.22
BANSWARA,2010,933.52,26.870520547945205,53.05589041095891,2.384,97.60153424657534,53.83
BANSWARA,2011,872.29,26.23734246575342,50.818821917808215,2.477260273972603,97.59558904109589,40.96
BANSWARA,2012,830.44,25.77844262295082,48.617349726775956,2.642267759562842,97.62101092896175,65.44
BANSWARA,2013,1099.15,25.495342465753424,54.77090410958905,2.4664931506849315,97.6329315068493,65.04
BANSWARA,2014,758.39,26.340164383561643,50.358301369863014,2.4850958904109586,97.73273972602739,59.34
BANSWARA,2015,770.95,26.590657534246574,48.26304109589041,2.585972602739726,97.76060273972604,56.57
BANSWARA,2016,940.1,26.580109289617486,48.75267759562841,2.3863934426229507,97.6983606557377,64.24
BANSWARA,2017,806.44,26.456849315068492,48.35449315068493,2.4716164383561643,97.68046575342467,54.62
BANSWARA,2018,662.1,26.884082191780823,43.979369863013694,2.4467671232876715,97.67523287671233,58.24
BANSWARA,2019,1158.95,25.87109589041096,55.763780821917805,2.468164383561644,97.71846575342465,55.85
BANSWARA,2020,937.08,25.80199453551913,56.667868852459016,2.359016393442623,97.68010928961748,62.1
BANSWARA,2021,947.13,26.16084931506849,55.61147945205479,2.5175890410958903,97.63728767123288,61.18
BANSWARA,2022,979.7,26.160931506849316,54.79241095890411,2.443041095890411,97.62098630136987,55.98
BARAN,1986,846.47,26.004136986301372,41.65989041095891,2.3153972602739725,97.4793698630137,61.64
BARAN,1987,494.86,27.186383561643837,37.63942465753424,2.2684383561643835,97.53161643835617,53.35
BARAN,1988,624.73,27.08142076502732,40.82669398907104,2.1868852459016392,97.4229781420765,57.23
BARAN,1989,549.0500000000001,26.671534246575344,35.0453698630137,2.243780821917808,97.47284931506849,88.65
BARAN,1990,723.33,26.408246575342467,46.90868493150685,2.2687123287671236,97.45728767123289,56.44
BARAN,1991,591.42,26.635506849315068,38.751506849315064,2.233068493150685,97.48816438356164,49.54
BARAN,1992,703.0699999999999,26.126393442622952,43.44016393442623,2.172158469945355,97.5448087431694,56.22
BARAN,1993,732.59,26.526054794520547,42.016602739726025,2.3149041095890412,97.52172602739726,62.75
BARAN,1994,751.8299999999999,26.081863013698626,44.35660273972603,2.1527123287671235,97.47583561643836,43.39
BARAN,1995,902.4399999999999,26.17167123287671,44.504301369863015,2.200082191780822,97.47945205479452,96.94
BARAN,1996,838.6,25.88860655737705,46.752486338797816,2.1448087431693987,97.45188524590164,64.17
BARAN,1997,748.01,25.571835616438353,49.34797260273972,2.250219178082192,97.57742465753425,71.71
BARAN,1998,580.73,26.645041095890413,43.95567123287671,2.1338082191780825,97.49249315068494,45.95
BARAN,1999,546.8,26.78041095890411,40.00364383561644,2.263780821917808,97.42649315068493,39.9
BARAN,2000,408.71,26.81327868852459,34.64560109289618,2.35448087431694,97.39346994535519,35.86
BARAN,2001,791.06,26.316876712328767,40.50301369863014,2.0805205479452056,97.46068493150685,149.15
BARAN,2002,452.52,27.46553424657534,36.55772602739726,2.3196438356164384,97.47175342465754,65.64
BARAN,2003,634.55,26.296465753424656,46.01079452054794,2.167534246575342,97.50745205479453,40.98
BARAN,2004,738.34,26.733387978142076,43.92625683060109,2.14827868852459,97.50603825136612,77.94
BARAN,2005,668.45,26.038712328767122,43.844,2.100986301369863,97.49865753424658,40.46
BARAN,2006,940.23,26.76975342465753,46.4812602739726,2.105616438356164,97.47857534246576,76.76
BARAN,2007,831.23,26.271068493150686,46.638301369863015,2.0356712328767124,97.4677808219178,55.56
BARAN,2008,738.81,25.814262295081967,47.32051912568306,2.0212021857923497,97.46989071038253,48.71
BARAN,2009,532.48,27.369205479452056,43.59871232876713,2.193123287671233,97.466301369863,55.01
BARAN,2010,723.25,26.872164383561643,49.194630136986305,2.0749315068493153,97.45249315068492,47.29
BARAN,2011,1173.07,25.694356164383564,52.32564383561644,2.000219178082192,97.45079452054794,112.26
BARAN,2012,792.59,25.44964480874317,47.0424043715847,2.1312841530054643,97.45986338797813,62.73
BARAN,2013,1242.66,25.05895890410959,54.04350684931507,2.0126575342465753,97.49150684931507,78.08
BARAN,2014,892.09,25.983232876712325,50.686191780821915,2.20372602739726,97.57106849315069,128.61
BARAN,2015,928.41,25.80202739726027,49.992739726027395,2.131013698630137,97.61435616438355,49.82
BARAN,2016,1104.3700000000001,26.50040983606557,47.69456284153005,2.0539071038251366,97.51699453551913,56.85
BARAN,2017,502.56,26.925753424657533,41.89312328767123,2.150356164383562,97.50761643835617,34.25
BARAN,2018,696.09,26.54076712328767,44.220109589041094,2.151972602739726,97.49558904109588,51.37
BARAN,2019,1196.14,25.701561643835614,54.111835616438356,2.0224931506849315,97.56126027397261,81.12
BARAN,2020,599.27,26.013032786885248,52.04658469945355,2.032431693989071,97.52978142076503,48.56
BARAN,2021,1115.75,26.23591780821918,53.48832876712329,2.1511232876712327,97.4687397260274,107.01
BARAN,2022,1103.77,26.05402739726027,54.99871232876712,2.116986301369863,97.4446301369863,118.17
BARMER,1986,113.81,26.968301369863013,30.03835616438356,3.264219178082192,98.3945205479452,23.42
BARMER,1987,18.72,28.131698630136984,27.58380821917808,3.204493150684932,98.43687671232877,5.91
BARMER,1988,248.24,28.105901639344264,33.74699453551912,3.271994535519126,98.31811475409836,56.5
BARMER,1989,107.73,27.321698630136986,31.211041095890412,3.2189315068493154,98.40019178082191,16.15
BARMER,1990,163.42,27.784027397260274,34.50219178082192,3.240986301369863,98.35553424657533,41.44
BARMER,1991,71.33,27.69421917808219,29.096438356164384,3.15213698630137,98.40076712328766,18.92
BARMER,1992,259.35,26.999754098360654,35.3764480874317,2.8800273224043713,98.45860655737704,28.4
BARMER,1993,300.56,27.66191780821918,32.80980821917808,3.076821917808219,98.41728767123287,96.56
BARMER,1994,263.11,27.239561643835618,35.51350684931507,2.974027397260274,98.3853698630137,22.94
BARMER,1995,219.76999999999998,27.374493150684934,33.31939726027397,3.0125205479452055,98.3941095890411,28.83
BARMER,1996,239.20000000000002,27.288196721311476,32.189180327868854,3.075191256830601,98.35475409836064,21.68
BARMER,1997,222.41,26.686849315068496,36.32961643835616,3.2184657534246575,98.47816438356163,15.77
BARMER,1998,233.64,27.89695890410959,33.27186301369863,2.9921095890410956,98.387698630137,44.86
BARMER,1999,83.58,27.98386301369863,31.372493150684928,3.299917808219178,98.32591780821917,16.6
BARMER,2000,97.64,27.81169398907104,30.754590163934427,3.387185792349727,98.29584699453551,27.66
BARMER,2001,219.98000000000002,27.553780821917805,32.362849315068495,3.0518904109589045,98.35320547945204,38.81
BARMER,2002,47.379999999999995,28.08778082191781,29.065479452054795,3.1803013698630136,98.39142465753426,6.68
BARMER,2003,271.0,26.901616438356164,35.45857534246575,2.988219178082192,98.41528767123287,25.95
BARMER,2004,170.0,27.931366120218577,33.18368852459016,2.924207650273224,98.40262295081968,29.89
BARMER,2005,161.19,27.200136986301366,33.61172602739726,2.8327123287671236,98.41101369863013,19.8
BARMER,2006,585.54,27.03882191780822,42.041561643835614,2.7416438356164385,98.38764383561643,111.72
BARMER,2007,218.18,27.498849315068494,36.25008219178083,2.8517808219178087,98.36723287671234,24.99
BARMER,2008,257.96,27.191366120218582,36.09286885245901,2.9940437158469946,98.36079234972678,23.52
BARMER,2009,178.95,27.927808219178083,34.17024657534247,2.856575342465754,98.38046575342466,27.03
BARMER,2010,424.94,27.563424657534245,39.15528767123288,2.7283013698630136,98.34619178082193,34.5
BARMER,2011,364.89,26.993506849315068,40.735643835616436,2.8632602739726023,98.342,53.76
BARMER,2012,353.2,26.42434426229508,37.83658469945355,2.8835519125683065,98.36434426229508,52.48
BARMER,2013,339.69,26.77219178082192,39.78920547945205,2.861835616438356,98.3858904109589,52.71
BARMER,2014,241.74,26.848657534246577,36.60783561643836,3.073917808219178,98.47534246575343,37.34
BARMER,2015,403.38,26.847589041095894,39.1818904109589,2.8377260273972604,98.49997260273972,40.77
BARMER,2016,268.87,27.764262295081966,37.50191256830601,2.881666666666667,98.42576502732241,29.88
BARMER,2017,446.37,26.90391780821918,38.96101369863014,2.8718082191780825,98.42852054794521,29.79
BARMER,2018,161.01999999999998,27.81928767123288,32.904739726027394,2.851506849315068,98.39821917808219,36.37
BARMER,2019,400.64,27.013013698630136,42.24334246575342,2.899506849315068,98.46994520547945,43.25
BARMER,2020,389.7,26.87256830601093,42.90128415300547,2.852896174863388,98.42827868852459,74.03
BARMER,2021,282.19,27.593698630136988,39.11939726027397,3.14986301369863,98.36561643835616,18.9
BARMER,2022,561.6800000000001,27.206219178082193,44.3712602739726,3.0374246575342467,98.33991780821918,74.08
BHARATPUR,1986,449.05,26.26832876712329,37.17701369863014,2.0433424657534247,98.48871232876712,43.16
BHARATPUR,1987,391.24,27.626931506849314,31.56895890410959,1.9802191780821916,98.5195890410959,31.67
BHARATPUR,1988,620.52,26.983387978142076,39.52243169398908,2.07068306010929,98.41956284153005,38.34
BHARATPUR,1989,354.53,26.818410958904106,32.06794520547945,2.0586849315068494,98.46920547945206,36.9
BHARATPUR,1990,728.2,26.264630136986302,44.57273972602739,2.071890410958904,98.45832876712329,55.95
BHARATPUR,1991,532.63,26.667479452054792,36.9278904109589,2.054849315068493,98.48668493150684,57.88
BHARATPUR,1992,582.68,26.354644808743167,40.11939890710383,2.074918032786885,98.54237704918033,31.83
BHARATPUR,1993,672.42,26.55142465753425,38.94293150684931,2.107205479452055,98.50416438356163,63.8
BHARATPUR,1994,688.43,26.43758904109589,40.11753424657534,1.9836164383561643,98.47405479452054,53.05
BHARATPUR,1995,755.03,26.17764383561644,42.66449315068493,2.0685205479452056,98.47509589041097,91.83
BHARATPUR,1996,772.52,25.912349726775957,43.64169398907104,1.9901092896174863,98.44442622950821,33.45
BHARATPUR,1997,528.22,26.013753424657537,41.523917808219174,2.0515890410958906,98.57547945205481,53.43
BHARATPUR,1998,656.57,26.137643835616437,44.91082191780822,1.9644931506849315,98.51306849315067,27.61
BHARATPUR,1999,474.13,27.17849315068493,35.63312328767123,2.076876712328767,98.4001095890411,41.52
BHARATPUR,2000,324.32,27.235437158469946,31.932814207650274,2.121639344262295,98.365,25.72
BHARATPUR,2001,408.59,27.095095890410956,34.55221917808219,1.9558904109589041,98.43997260273972,28.54
BHARATPUR,2002,399.64,27.628684931506847,34.80221917808219,2.0330410958904106,98.45547945205479,42.89
BHARATPUR,2003,499.28,26.371534246575344,42.574164383561644,1.8336986301369862,98.51216438356165,36.44
BHARATPUR,2004,562.73,26.975245901639347,41.50666666666667,2.0636885245901637,98.49021857923496,43.74
BHARATPUR,2005,453.97,26.44868493150685,40.55613698630137,2.0623561643835617,98.49323287671233,54.7
BHARATPUR,2006,438.32,27.329205479452053,39.447315068493154,2.1453424657534246,98.47764383561643,54.28
BHARATPUR,2007,460.78,26.848712328767125,40.16095890410959,2.091698630136986,98.46424657534246,52.66
BHARATPUR,2008,650.22,26.00450819672131,45.370765027322406,1.836120218579235,98.46275956284154,45.24
BHARATPUR,2009,482.29,27.310109589041097,40.409424657534245,2.018109589041096,98.46298630136985,60.46
BHARATPUR,2010,540.87,26.9607397260274,45.308383561643836,1.8942465753424658,98.45608219178082,38.63
BHARATPUR,2011,657.82,25.777616438356166,48.704767123287674,1.8176164383561642,98.44945205479453,34.2
BHARATPUR,2012,763.3,25.62464480874317,43.468032786885246,2.0399180327868853,98.44232240437158,51.9
BHARATPUR,2013,1032.97,25.07087671232877,52.171342465753426,1.8873972602739726,98.49728767123288,86.48
BHARATPUR,2014,571.87,26.134876712328765,43.71479452054795,1.9171506849315068,98.56967123287671,48.42
BHARATPUR,2015,611.09,26.14246575342466,43.7478904109589,1.8314794520547946,98.61947945205479,51.32
BHARATPUR,2016,790.1800000000001,26.79846994535519,42.02579234972678,1.7495355191256832,98.50598360655738,73.55
BHARATPUR,2017,485.94,26.955917808219176,39.465397260273974,1.945150684931507,98.49975342465754,39.0
BHARATPUR,2018,859.07,26.20646575342466,45.346657534246575,1.851205479452055,98.48109589041096,53.38
BHARATPUR,2019,720.8,25.88071232876712,50.47772602739726,1.8333424657534245,98.56890410958904,39.47
BHARATPUR,2020,514.03,26.045109289617486,46.1242349726776,1.8460382513661202,98.54980874316941,22.36
BHARATPUR,2021,814.9300000000001,25.936794520547945,50.417397260273965,1.9406575342465755,98.49268493150686,62.38
BHARATPUR,2022,788.55,26.180575342465755,51.83687671232877,1.9375068493150687,98.44350684931506,69.99
BHILWARA,1986,540.96,24.77104109589041,37.848383561643836,2.4730684931506848,95.43484931506849,45.32
BHILWARA,1987,279.87,26.275287671232874,32.894383561643835,2.3972328767123288,95.48706849315069,19.41
BHILWARA,1988,497.34,25.980710382513664,38.88844262295082,2.4224590163934425,95.37896174863387,36.4
BHILWARA,1989,383.68,25.407205479452053,34.32243835616438,2.486904109589041,95.43783561643835,65.35
BHILWARA,1990,489.4,25.433917808219174,42.47972602739726,2.4240821917808217,95.40904109589042,38.01
BHILWARA,1991,403.07,25.57890410958904,35.10780821917808,2.346684931506849,95.44750684931506,28.75
BHILWARA,1992,633.68,24.69415300546448,43.434617486338794,2.2933879781420763,95.5014480874317,64.54
BHILWARA,1993,546.65,25.64813698630137,38.54260273972603,2.450986301369863,95.47476712328768,48.91
BHILWARA,1994,645.98,24.88876712328767,42.71339726027397,2.3187123287671234,95.4329315068493,48.96
BHILWARA,1995,512.35,25.306164383561644,39.52597260273973,2.3371232876712327,95.4318904109589,43.96
BHILWARA,1996,625.48,24.87289617486339,42.036939890710386,2.343032786885246,95.40254098360656,38.54
BHILWARA,1997,612.8,24.101369863013698,47.498438356164385,2.3956712328767122,95.5213698630137,63.06
BHILWARA,1998,497.23,25.38917808219178,41.328931506849315,2.315041095890411,95.44627397260274,26.07
BHILWARA,1999,347.15,25.954904109589044,35.54898630136986,2.5133424657534245,95.3827397260274,27.11
BHILWARA,2000,323.86,25.796284153005466,33.36273224043716,2.49775956284153,95.35191256830602,26.36
BHILWARA,2001,498.08,25.3593698630137,37.19641095890411,2.2195616438356165,95.41068493150685,46.25
BHILWARA,2002,254.63,26.458520547945206,32.12249315068493,2.507095890410959,95.43271232876712,26.16
BHILWARA,2003,403.89,25.333506849315068,40.41893150684931,2.4024109589041096,95.45180821917809,24.36
BHILWARA,2004,535.51,25.624672131147538,41.00915300546448,2.3122131147540985,95.46049180327869,57.34
BHILWARA,2005,466.99,25.132191780821916,39.7158904109589,2.2457534246575346,95.45019178082191,30.54
BHILWARA,2006,583.42,25.78364383561644,43.04090410958904,2.271150684931507,95.43005479452056,41.5
BHILWARA,2007,507.9,25.504739726027395,41.74493150684931,2.2318082191780824,95.41394520547944,22.62
BHILWARA,2008,521.09,25.084535519125684,42.35986338797814,2.23879781420765,95.41374316939891,43.89
BHILWARA,2009,414.86,26.120931506849313,39.64630136986301,2.345972602739726,95.42591780821918,27.06
BHILWARA,2010,662.42,25.52821917808219,47.8285205479452,2.2453424657534247,95.40391780821918,27.07
BHILWARA,2011,671.1,24.917506849315068,47.73912328767123,2.2135890410958905,95.38808219178082,33.68
BHILWARA,2012,652.11,24.44584699453552,43.99631147540983,2.2442349726775954,95.41150273224044,59.1
BHILWARA,2013,702.17,24.315397260273976,49.006986301369864,2.18372602739726,95.43671232876713,35.21
BHILWARA,2014,558.78,24.898,45.84405479452055,2.368602739726027,95.52035616438356,40.76
BHILWARA,2015,509.84,25.127726027397262,43.65668493150685,2.3256164383561644,95.54410958904108,35.04
BHILWARA,2016,865.32,25.44133879781421,45.904754098360655,2.2708196721311475,95.47737704918033,90.18
BHILWARA,2017,557.65,25.352575342465755,42.45175342465753,2.3125479452054796,95.47071232876712,40.32
BHILWARA,2018,471.02,25.59315068493151,39.769479452054796,2.3254246575342465,95.45597260273972,34.95
BHILWARA,2019,895.51,24.43252054794521,53.04643835616439,2.1852876712328766,95.51301369863013,72.22
BHILWARA,2020,605.75,24.81418032786885,50.13923497267759,2.136420765027322,95.47322404371585,25.18
BHILWARA,2021,698.4,25.315205479452054,49.81909589041096,2.3644109589041093,95.41375342465753,36.8
BHILWARA,2022,821.23,25.268575342465756,50.33969863013699,2.3624383561643834,95.39235616438356,102.64
BUNDI,1986,667.44,25.8693698630137,38.965479452054794,2.276164383561644,97.31852054794521,51.02
BUNDI,1987,356.08,27.32372602739726,33.68838356164384,2.228958904109589,97.36454794520547,25.22
BUNDI,1988,531.61,27.08314207650273,38.61942622950819,2.205983606557377,97.25549180327869,50.84
BUNDI,1989,458.75,26.560438356164383,33.15430136986301,2.2896164383561644,97.31172602739726,89.93
BUNDI,1990,556.36,26.46764383561644,43.33953424657534,2.2495068493150687,97.28997260273971,52.38
BUNDI,1991,485.46,26.574931506849317,35.94098630136986,2.1798082191780823,97.32616438356165,36.95
BUNDI,1992,649.54,25.90554644808743,42.50081967213114,2.1454371584699454,97.3825956284153,53.51
BUNDI,1993,612.73,26.667150684931507,38.81920547945206,2.284082191780822,97.35356164383562,47.85
BUNDI,1994,675.47,26.014794520547945,42.09698630136986,2.125808219178082,97.31205479452055,42.58
BUNDI,1995,697.49,26.15095890410959,41.70819178082192,2.159150684931507,97.31523287671233,79.03
BUNDI,1996,682.53,25.88344262295082,43.32114754098361,2.131885245901639,97.28568306010928,48.94
BUNDI,1997,627.8,25.425890410958907,46.46468493150685,2.2304109589041095,97.41172602739725,69.88
BUNDI,1998,509.53,26.50767123287671,41.5854794520548,2.1123013698630135,97.33098630136986,33.08
BUNDI,1999,391.49,27.061999999999998,35.62731506849315,2.2765205479452053,97.2571506849315,36.79
BUNDI,2000,366.79,26.860273224043716,32.62841530054645,2.2863387978142073,97.22535519125684,29.29
BUNDI,2001,610.63,26.391561643835615,37.49572602739726,2.0276164383561643,97.2928493150685,89.22
BUNDI,2002,315.34,27.557232876712327,33.105479452054794,2.2886027397260276,97.30350684931507,45.16
BUNDI,2003,496.01,26.280849315068494,42.04668493150685,2.127013698630137,97.3391780821918,36.03
BUNDI,2004,634.33,26.654234972677596,41.76333333333333,2.1085792349726775,97.34035519125683,61.14
BUNDI,2005,527.8,26.118876712328767,40.364575342465756,2.1181369863013697,97.33358904109589,31.66
BUNDI,2006,725.91,26.749068493150684,43.62747945205479,2.124630136986301,97.31136986301371,58.17
BUNDI,2007,641.11,26.33898630136986,43.20531506849315,2.0472876712328767,97.30002739726028,38.44
BUNDI,2008,584.98,25.956693989071038,43.45426229508197,2.006885245901639,97.30030054644807,44.8
BUNDI,2009,436.2,27.288712328767122,40.18194520547945,2.1773972602739726,97.30156164383561,44.08
BUNDI,2010,662.04,26.677972602739725,47.57347945205479,2.0434794520547945,97.28635616438355,29.64
BUNDI,2011,845.71,25.63241095890411,50.003068493150685,1.9848219178082194,97.28068493150684,59.43
BUNDI,2012,716.33,25.38363387978142,44.492786885245906,2.0762841530054645,97.29661202185791,48.69
BUNDI,2013,918.75,25.05772602739726,51.26794520547945,2.000821917808219,97.32890410958905,49.89
BUNDI,2014,706.0,25.891561643835615,47.612547945205485,2.204904109589041,97.40665753424658,70.81
BUNDI,2015,784.62,25.769150684931507,46.95197260273973,2.0787397260273974,97.44224657534247,57.91
BUNDI,2016,1002.59,26.433333333333334,46.091584699453556,2.0589344262295084,97.35,61.54
BUNDI,2017,518.21,26.659808219178082,40.84369863013699,2.1375616438356166,97.345698630137,37.49
BUNDI,2018,777.91,26.22917808219178,43.82904109589041,2.143095890410959,97.33172602739727,51.64
BUNDI,2019,1228.27,25.34904109589041,53.913671232876716,1.9786301369863015,97.40115068493151,97.55
BUNDI,2020,593.0,25.885163934426227,50.13622950819672,1.9594808743169398,97.36371584699454,32.08
BUNDI,2021,1159.45,26.025150684931507,52.97487671232877,2.124246575342466,97.29912328767124,124.73
BUNDI,2022,1108.0,25.897616438356163,54.15339726027398,2.093123287671233,97.2724109589041,102.25
CHITTAURGARH,1986,664.91,24.872931506849316,39.370958904109585,2.427205479452055,95.48712328767124,47.61
CHITTAURGARH,1987,348.19,26.345397260273973,34.25331506849315,2.356054794520548,95.54290410958905,26.09
CHITTAURGARH,1988,581.91,26.044016393442625,40.163114754098366,2.361912568306011,95.43398907103824,43.09
CHITTAURGARH,1989,463.96999999999997,25.535726027397256,35.55035616438356,2.4177260273972605,95.49082191780822,75.38
CHITTAURGARH,1990,560.91,25.569506849315072,43.9407397260274,2.3784931506849314,95.46372602739727,46.15
CHITTAURGARH,1991,472.83,25.67435616438356,36.55953424657534,2.301753424657534,95.50024657534246,37.95
CHITTAURGARH,1992,670.7,24.91169398907104,43.53464480874317,2.2671584699453553,95.55322404371586,58.3
CHITTAURGARH,1993,638.58,25.686931506849312,40.21668493150685,2.4133972602739724,95.53246575342466,48.1
CHITTAURGARH,1994,743.33,24.95249315068493,44.04956164383562,2.2719452054794522,95.48619178082191,47.64
CHITTAURGARH,1995,515.74,25.547643835616437,39.872,2.317917808219178,95.48273972602739,48.62
CHITTAURGARH,1996,695.47,25.026830601092897,43.37636612021858,2.3060109289617485,95.45663934426229,46.09
CHITTAURGARH,1997,685.42,24.294164383561647,48.70536986301369,2.3478904109589043,95.57331506849316,66.99
CHITTAURGARH,1998,560.48,25.525561643835616,42.502794520547944,2.2886575342465756,95.49635616438356,27.15
CHITTAURGARH,1999,427.71,25.94460273972603,37.414849315068494,2.4555616438356163,95.43912328767124,32.88
CHITTAURGARH,2000,399.68,25.85420765027322,34.6525956284153,2.4276229508196723,95.40877049180328,30.99
CHITTAURGARH,2001,534.8100000000001,25.47180821917808,37.93150684931507,2.2104657534246575,95.46391780821918,62.33
CHITTAURGARH,2002,321.11,26.486164383561647,33.47846575342466,2.4805479452054793,95.48986301369864,29.68
CHITTAURGARH,2003,427.02,25.567068493150682,41.03750684931507,2.374164383561644,95.50345205479452,33.25
CHITTAURGARH,2004,597.47,25.73226775956284,42.09281420765027,2.2768306010928963,95.51502732240438,85.01
CHITTAURGARH,2005,558.8100000000001,25.19717808219178,41.13024657534246,2.202246575342466,95.50375342465755,38.52
CHITTAURGARH,2006,748.59,25.70923287671233,45.448273972602735,2.201917808219178,95.48591780821918,53.73
CHITTAURGARH,2007,577.75,25.62890410958904,42.932136986301366,2.207917808219178,95.46591780821917,32.0
CHITTAURGARH,2008,558.71,25.21931693989071,43.14806010928962,2.225710382513661,95.46743169398907,52.56
CHITTAURGARH,2009,504.98,26.205150684931503,41.245835616438356,2.2983013698630135,95.47950684931506,35.06
CHITTAURGARH,2010,754.29,25.725342465753425,48.612273972602736,2.220958904109589,95.45627397260274,39.93
CHITTAURGARH,2011,768.91,25.008027397260275,48.94939726027397,2.167945205479452,95.44367123287672,37.17
CHITTAURGARH,2012,739.35,24.533907103825136,45.70792349726776,2.2348907103825137,95.46445355191257,92.21
CHITTAURGARH,2013,759.93,24.456438356164384,49.82252054794521,2.141917808219178,95.4879178082192,43.24
CHITTAURGARH,2014,616.98,25.069808219178082,46.97542465753424,2.2814520547945207,95.57342465753426,50.8
CHITTAURGARH,2015,571.7,25.33342465753425,44.285260273972604,2.304027397260274,95.59810958904109,42.96
CHITTAURGARH,2016,1007.98,25.56396174863388,46.49155737704918,2.18224043715847,95.53398907103826,115.13
CHITTAURGARH,2017,638.62,25.496000000000002,43.516602739726025,2.243178082191781,95.52413698630136,44.47
CHITTAURGARH,2018,539.27,25.71780821917808,40.95690410958904,2.2263287671232876,95.51202739726027,42.83
CHITTAURGARH,2019,1005.71,24.580054794520546,53.91443835616438,2.1396712328767125,95.56558904109589,76.3
CHITTAURGARH,2020,670.44,24.87103825136612,51.736393442622955,2.1324863387978144,95.52573770491803,37.41
CHITTAURGARH,2021,788.89,25.365534246575344,51.072273972602744,2.3014246575342465,95.47060273972602,44.3
CHITTAURGARH,2022,847.93,25.37208219178082,51.00934246575343,2.2975342465753426,95.45041095890411,78.74
DHAULPUR,1986,573.21,26.286465753424658,39.74654794520548,2.02986301369863,98.71167123287672,60.93
DHAULPUR,1987,561.37,27.553041095890414,34.61424657534247,1.9861369863013698,98.74665753424657,82.52
DHAULPUR,1988,618.0,27.2396174863388,39.35448087431694,2.0581420765027323,98.64344262295081,37.87
DHAULPUR,1989,457.16,26.879397260273972,33.8805205479452,2.0514246575342465,98.69457534246574,50.21
DHAULPUR,1990,788.48,26.427205479452056,45.74339726027397,2.0683835616438357,98.68238356164383,92.75
DHAULPUR,1991,554.8,26.88871232876712,37.95041095890411,2.0873972602739723,98.70638356164385,79.58
DHAULPUR,1992,662.2,26.467185792349728,41.549207650273225,2.0548907103825136,98.76420765027322,41.11
DHAULPUR,1993,640.3,26.807424657534245,39.31117808219178,2.150219178082192,98.72736986301369,52.78
DHAULPUR,1994,709.49,26.63509589041096,40.751999999999995,1.9836164383561643,98.69616438356164,71.09
DHAULPUR,1995,894.71,26.31556164383562,43.98482191780822,2.0620821917808216,98.6981095890411,116.87
DHAULPUR,1996,955.15,25.813524590163933,47.04409836065574,1.9448360655737704,98.67396174863387,61.29
DHAULPUR,1997,669.87,26.110438356164384,43.72531506849315,2.0583287671232875,98.80208219178083,75.06
DHAULPUR,1998,730.02,26.25487671232877,46.550520547945204,1.9543835616438356,98.73649315068494,37.75
DHAULPUR,1999,628.28,26.995068493150686,39.04427397260274,2.031643835616438,98.62994520547946,63.53
DHAULPUR,2000,340.37,27.40136612021858,32.71325136612022,2.1581147540983605,98.59240437158469,33.75
DHAULPUR,2001,645.07,26.864246575342467,38.19260273972603,1.9114246575342464,98.66884931506848,55.56
DHAULPUR,2002,487.18,27.652356164383562,36.697315068493154,2.094164383561644,98.68268493150686,64.03
DHAULPUR,2003,581.11,26.524027397260276,44.1465205479452,1.8815342465753424,98.73712328767124,28.29
DHAULPUR,2004,591.11,27.04748633879781,42.93846994535519,2.1062841530054643,98.71571038251365,46.75
DHAULPUR,2005,554.58,26.526520547945207,42.241726027397256,2.0596164383561644,98.71652054794521,35.8
DHAULPUR,2006,492.03000000000003,27.507698630136986,40.45060273972602,2.1446849315068492,98.70172602739726,82.37
DHAULPUR,2007,493.36,27.039013698630136,40.902054794520545,2.1153424657534248,98.68868493150686,35.21
DHAULPUR,2008,882.49,25.818032786885244,49.00868852459016,1.8157103825136611,98.69196721311476,38.9
DHAULPUR,2009,571.95,27.32945205479452,43.13775342465754,2.049808219178082,98.68838356164385,61.6
DHAULPUR,2010,746.24,26.884520547945208,48.4346301369863,1.8728219178082193,98.68476712328767,80.77
DHAULPUR,2011,806.35,25.83876712328767,50.53101369863013,1.8287123287671234,98.67495890410959,54.13
DHAULPUR,2012,800.0,25.740601092896174,45.404098360655745,2.0598360655737706,98.6657650273224,73.62
DHAULPUR,2013,1027.38,25.243068493150684,53.13197260273972,1.9305205479452054,98.71616438356165,57.94
DHAULPUR,2014,703.43,26.200082191780822,46.17717808219177,1.9694794520547945,98.79117808219178,46.16
DHAULPUR,2015,703.58,26.27350684931507,45.57320547945206,1.8913698630136986,98.84246575342466,63.95
DHAULPUR,2016,749.96,27.053306010928964,42.88475409836065,1.7941256830601093,98.72494535519127,55.26
DHAULPUR,2017,511.71,27.29693150684931,40.01780821917808,1.9523835616438356,98.71676712328768,29.37
DHAULPUR,2018,870.6,26.468520547945207,46.193424657534244,1.9448767123287671,98.70224657534247,64.2
DHAULPUR,2019,763.4,26.014657534246577,51.9512602739726,1.877945205479452,98.79065753424656,40.26
DHAULPUR,2020,534.68,26.331120218579237,46.71770491803279,1.8558469945355192,98.77363387978143,23.49
DHAULPUR,2021,836.36,26.250931506849316,50.45449315068493,1.9799726027397262,98.71512328767122,55.91
DHAULPUR,2022,809.34,26.375479452054794,52.106328767123294,1.93572602739726,98.67073972602739,37.1
DUNGARPUR,1986,581.1,25.857808219178082,39.424,2.5751232876712327,96.78375342465753,54.66
DUNGARPUR,1987,370.97,27.009397260273975,36.20315068493151,2.5892602739726027,96.84205479452055,48.59
DUNGARPUR,1988,661.32,26.516803278688524,43.2268306010929,2.5104098360655738,96.7370218579235,32.65
DUNGARPUR,1989,551.56,26.164493150684933,38.81019178082192,2.5155342465753425,96.79504109589041,34.75
DUNGARPUR,1990,770.9,25.930328767123285,48.75353424657534,2.5303561643835617,96.77334246575343,59.27
DUNGARPUR,1991,522.38,26.368438356164383,38.708821917808216,2.4733150684931506,96.79923287671234,40.74
DUNGARPUR,1992,623.25,25.763497267759565,43.559699453551914,2.506065573770492,96.85316939890711,65.42
DUNGARPUR,1993,691.35,26.281342465753426,43.117561643835614,2.5389315068493152,96.83887671232877,84.45
DUNGARPUR,1994,1106.45,25.32315068493151,48.02835616438356,2.4693698630136987,96.79038356164384,114.71
DUNGARPUR,1995,383.86,26.527041095890414,39.95528767123288,2.5883561643835615,96.77635616438357,33.39
DUNGARPUR,1996,781.3,25.68131147540984,46.04672131147541,2.4730601092896176,96.75792349726777,47.03
DUNGARPUR,1997,1016.11,24.810739726027396,52.836164383561645,2.438767123287671,96.87972602739725,80.75
DUNGARPUR,1998,759.37,26.094383561643838,46.156739726027396,2.446109589041096,96.7866301369863,56.45
DUNGARPUR,1999,503.47,26.385945205479455,41.133534246575344,2.582465753424658,96.74290410958905,59.33
DUNGARPUR,2000,573.1899999999999,26.349153005464483,38.47715846994535,2.584262295081967,96.71486338797814,141.17
DUNGARPUR,2001,481.34999999999997,26.255068493150684,39.64454794520548,2.503972602739726,96.75898630136986,36.68
DUNGARPUR,2002,359.94,26.926986301369865,36.62978082191781,2.6581917808219178,96.80317808219179,32.45
DUNGARPUR,2003,560.32,26.06197260273973,45.07854794520547,2.6105479452054796,96.81093150684931,50.86
DUNGARPUR,2004,667.16,26.33827868852459,44.75822404371585,2.4193169398907104,96.81773224043717,133.37
DUNGARPUR,2005,720.16,25.540657534246577,45.348246575342465,2.3713972602739726,96.80717808219178,68.31
DUNGARPUR,2006,889.6899999999999,26.023452054794518,49.513643835616435,2.3503287671232878,96.79268493150686,46.73
DUNGARPUR,2007,666.19,26.261890410958905,45.7647397260274,2.3917808219178083,96.76241095890411,42.99
DUNGARPUR,2008,564.97,25.88341530054645,45.03002732240438,2.5140163934426227,96.76644808743168,53.05
DUNGARPUR,2009,622.37,26.633287671232875,45.25550684931506,2.415808219178082,96.78323287671232,44.56
DUNGARPUR,2010,961.5699999999999,26.240794520547944,51.65561643835616,2.3793150684931508,96.75101369863015,73.55
DUNGARPUR,2011,713.79,25.809068493150683,49.447753424657535,2.4480821917808218,96.741698630137,37.45
DUNGARPUR,2012,767.99,25.28226775956284,47.41691256830601,2.5600273224043715,96.76707650273224,115.99
DUNGARPUR,2013,742.53,25.28027397260274,50.96224657534247,2.405287671232877,96.77923287671233,45.59
DUNGARPUR,2014,636.2,25.903945205479452,47.55769863013699,2.473890410958904,96.87747945205479,66.89
DUNGARPUR,2015,606.55,26.12394520547945,45.74676712328767,2.5314520547945207,96.9012602739726,79.8
DUNGARPUR,2016,788.11,26.19,46.9898087431694,2.301693989071038,96.84254098360657,48.52
DUNGARPUR,2017,803.97,26.026027397260275,46.377452054794524,2.436739726027397,96.82758904109589,79.82
DUNGARPUR,2018,537.38,26.471013698630138,41.92797260273972,2.34558904109589,96.8191506849315,41.23
DUNGARPUR,2019,980.95,25.387260273972604,54.55950684931507,2.387972602739726,96.8650410958904,58.14
DUNGARPUR,2020,956.31,25.303114754098363,55.13912568306011,2.3318032786885245,96.82658469945355,51.52
DUNGARPUR,2021,738.35,25.88558904109589,52.56032876712329,2.45372602739726,96.77871232876713,45.05
DUNGARPUR,2022,866.79,25.838054794520545,52.19243835616439,2.4344931506849314,96.7637808219178,60.71
GANGANAGAR,1986,310.46,26.222958904109586,32.71671232876712,1.8392054794520547,98.78427397260275,16.04
GANGANAGAR,1987,193.34,27.56991780821918,27.017287671232875,1.9343287671232876,98.8055890410959,10.73
GANGANAGAR,1988,318.77,27.447158469945354,32.423442622950816,1.9686885245901637,98.68073770491803,23.83
GANGANAGAR,1989,201.79,26.784438356164383,29.142931506849315,1.88386301369863,98.75671232876712,17.16
GANGANAGAR,1990,355.68,27.00498630136986,35.41769863013698,1.9657808219178081,98.72164383561645,19.33
GANGANAGAR,1991,144.6,27.445260273972604,26.36150684931507,1.8842465753424658,98.76150684931505,14.05
GANGANAGAR,1992,372.02,26.196502732240436,36.1522131147541,1.7903825136612022,98.83467213114754,27.39
GANGANAGAR,1993,232.54,27.35980821917808,27.83358904109589,1.9312328767123288,98.76227397260274,20.63
GANGANAGAR,1994,324.43,26.792657534246576,32.85994520547945,1.9210410958904107,98.76065753424658,18.87
GANGANAGAR,1995,354.83,26.409780821917806,34.71361643835616,1.8886027397260274,98.76791780821918,41.55
GANGANAGAR,1996,340.01,26.605109289617484,31.416666666666668,1.861584699453552,98.71773224043716,25.69
GANGANAGAR,1997,295.42,26.23643835616438,34.91717808219178,1.9219178082191781,98.84917808219177,14.75
GANGANAGAR,1998,199.11,27.512520547945204,30.614931506849317,1.9146849315068493,98.76391780821918,15.39
GANGANAGAR,1999,114.64,28.278301369863012,25.900301369863016,2.005068493150685,98.6455616438356,15.19
GANGANAGAR,2000,117.76,27.73841530054645,26.208688524590162,2.1191256830601093,98.62049180327868,13.61
GANGANAGAR,2001,193.07,27.681616438356166,28.364849315068493,1.9029589041095891,98.69734246575342,18.74
GANGANAGAR,2002,98.53,28.354849315068495,26.276,1.8929863013698631,98.72284931506849,11.49
GANGANAGAR,2003,314.95,26.87991780821918,33.337698630136984,1.7381369863013698,98.77838356164384,33.26
GANGANAGAR,2004,188.31,28.06120218579235,29.329125683060113,1.8542349726775955,98.73950819672132,27.05
GANGANAGAR,2005,218.94,26.719753424657533,34.64317808219178,1.9051780821917808,98.78690410958905,12.95
GANGANAGAR,2006,230.58,27.53287671232877,35.9445205479452,1.8742465753424657,98.76742465753425,18.28
GANGANAGAR,2007,309.75,27.32723287671233,35.324547945205474,1.7641917808219176,98.73816438356164,20.17
GANGANAGAR,2008,343.76,26.886803278688525,35.20653005464481,1.7659562841530057,98.72756830601094,38.87
GANGANAGAR,2009,265.05,27.350794520547947,32.97054794520548,1.7598356164383562,98.76183561643836,25.83
GANGANAGAR,2010,350.94,27.356027397260277,34.26641095890411,1.7085479452054795,98.73293150684931,31.21
GANGANAGAR,2011,365.76,26.823287671232876,37.464109589041094,1.7267671232876711,98.71202739726027,22.09
GANGANAGAR,2012,287.27,26.28893442622951,33.41693989071038,1.9172677595628416,98.72021857923497,37.76
GANGANAGAR,2013,269.15,26.854986301369863,35.59767123287671,1.8345205479452056,98.74328767123288,22.35
GANGANAGAR,2014,319.68,26.289315068493153,35.49189041095891,1.7614794520547947,98.85750684931506,93.88
GANGANAGAR,2015,394.11,26.223835616438357,38.87490410958904,1.7126849315068493,98.89279452054795,44.34
GANGANAGAR,2016,230.19,27.81327868852459,31.52669398907104,1.714535519125683,98.77989071038252,35.37
GANGANAGAR,2017,244.65,27.261780821917807,32.757260273972605,1.7152876712328768,98.79821917808219,17.96
GANGANAGAR,2018,272.74,27.05158904109589,32.698,1.7747945205479452,98.77010958904108,46.74
GANGANAGAR,2019,323.58,26.373287671232877,40.70309589041096,1.767315068493151,98.86865753424657,27.88
GANGANAGAR,2020,844.25,25.6403825136612,46.59210382513661,1.7213387978142076,98.83857923497267,337.99
GANGANAGAR,2021,282.84,26.688986301369862,39.481972602739724,1.7791780821917809,98.78279452054795,22.22
GANGANAGAR,2022,606.7,26.701424657534247,43.68331506849315,1.7681369863013698,98.72287671232877,107.79
HANUMANGARH,1986,285.71,26.24235616438356,32.22553424657534,1.9238356164383563,98.6101095890411,17.44
HANUMANGARH,1987,207.3,27.469479452054795,27.46391780821918,2.015150684931507,98.63361643835616,13.98
HANUMANGARH,1988,453.88,27.127896174863388,34.751311475409835,2.030928961748634,98.51475409836065,43.3
HANUMANGARH,1989,201.79,26.723835616438357,28.98013698630137,1.9911780821917808,98.58391780821917,14.85
HANUMANGARH,1990,394.96,26.843753424657532,35.984054794520546,2.0485753424657536,98.55093150684931,47.13
HANUMANGARH,1991,221.29000000000002,27.191808219178082,27.691917808219177,1.9142465753424658,98.59306849315068,17.13
HANUMANGARH,1992,348.24,26.30532786885246,35.25371584699454,1.8799180327868852,98.6595081967213,26.1
HANUMANGARH,1993,284.25,27.186876712328765,29.094904109589038,2.0175068493150685,98.59643835616437,34.58
HANUMANGARH,1994,419.14,26.62416438356164,34.281479452054796,1.945945205479452,98.58827397260275,35.36
HANUMANGARH,1995,449.63,26.176465753424658,36.04241095890411,1.9353150684931506,98.59542465753425,46.32
HANUMANGARH,1996,387.04,26.462704918032788,32.5831693989071,1.9106557377049178,98.54614754098361,16.91
HANUMANGARH,1997,501.04,25.66895890410959,38.2341095890411,1.902821917808219,98.68446575342466,40.76
HANUMANGARH,1998,376.74,26.923068493150684,34.61057534246576,1.944958904109589,98.602,28.72
HANUMANGARH,1999,141.41,28.07391780821918,26.75021917808219,2.0996712328767124,98.48224657534246,14.48
HANUMANGARH,2000,162.78,27.593825136612022,26.814398907103826,2.185655737704918,98.4544262295082,11.03
HANUMANGARH,2001,325.92,27.332876712328765,30.22578082191781,1.9182465753424656,98.53293150684931,34.62
HANUMANGARH,2002,158.37,28.165972602739725,27.346054794520548,1.9655342465753423,98.55128767123288,26.01
HANUMANGARH,2003,408.05,26.589726027397262,35.19580821917808,1.7933972602739727,98.60912328767124,29.1
HANUMANGARH,2004,262.1,27.744262295081967,31.26177595628415,1.9295901639344262,98.57196721311475,29.6
HANUMANGARH,2005,335.67,26.451424657534247,36.43564383561644,1.9843013698630136,98.61175342465754,23.05
HANUMANGARH,2006,266.96000000000004,27.380383561643836,36.38443835616438,1.9856164383561643,98.59041095890412,17.76
HANUMANGARH,2007,385.82,27.131780821917808,36.209534246575345,1.879890410958904,98.56509589041096,35.13
HANUMANGARH,2008,464.0,26.516830601092895,37.384180327868854,1.8151092896174865,98.55685792349726,44.53
HANUMANGARH,2009,297.75,27.278246575342465,33.48131506849315,1.8342739726027397,98.58509589041095,22.59
HANUMANGARH,2010,460.69,27.07076712328767,36.97301369863013,1.7874794520547943,98.56016438356164,34.37
HANUMANGARH,2011,463.74,26.515479452054795,39.60131506849315,1.8173150684931507,98.54065753424656,33.67
HANUMANGARH,2012,360.78,26.033715846994536,34.54967213114754,2.0352459016393443,98.54844262295083,43.91
HANUMANGARH,2013,379.24,26.46832876712329,37.93139726027397,1.9343287671232876,98.57408219178082,30.39
HANUMANGARH,2014,337.65,26.163863013698627,36.02304109589041,1.8661917808219177,98.68397260273973,76.8
HANUMANGARH,2015,443.02,26.044109589041096,39.33238356164384,1.8162191780821917,98.71961643835617,33.33
HANUMANGARH,2016,335.8,27.418879781420763,33.380819672131146,1.7886885245901638,98.61150273224042,42.31
HANUMANGARH,2017,313.18,26.96854794520548,34.089150684931504,1.815835616438356,98.6282191780822,23.36
HANUMANGARH,2018,317.65,26.86747945205479,33.97427397260274,1.7742465753424659,98.6003287671233,24.38
HANUMANGARH,2019,360.7,26.198328767123286,41.33635616438356,1.8099999999999998,98.6945205479452,27.47
HANUMANGARH,2020,572.29,25.73879781420765,45.193360655737706,1.7790983606557376,98.6653825136612,111.74
HANUMANGARH,2021,386.29,26.379534246575343,41.019041095890415,1.814246575342466,98.6126301369863,32.96
HANUMANGARH,2022,609.22,26.57904109589041,44.006767123287666,1.874958904109589,98.5497808219178,92.94
JAIPUR,1986,383.28,25.383342465753426,34.483972602739726,2.2696164383561643,96.20372602739727,44.35
JAIPUR,1987,286.08,26.60312328767123,30.337479452054794,2.1797260273972605,96.24665753424657,21.61
JAIPUR,1988,399.84,26.472322404371585,35.73325136612022,2.3748087431693987,96.13806010928961,28.66
JAIPUR,1989,350.65999999999997,25.730438356164385,31.357452054794518,2.364657534246575,96.19476712328766,72.67
JAIPUR,1990,624.96,25.453479452054797,41.7113698630137,2.2883287671232875,96.17361643835618,34.41
JAIPUR,1991,413.88,25.949506849315068,33.10224657534246,2.224109589041096,96.20868493150684,31.41
JAIPUR,1992,592.8,25.039480874316943,40.705,2.216830601092896,96.26573770491804,48.55
JAIPUR,1993,463.49,26.01895890410959,35.116,2.3062739726027397,96.22695890410958,48.81
JAIPUR,1994,613.56,25.394876712328767,39.72241095890411,2.196821917808219,96.19468493150684,48.23
JAIPUR,1995,655.79,25.220958904109587,40.42761643835616,2.2145205479452055,96.19936986301369,59.64
JAIPUR,1996,670.34,25.08125683060109,40.097513661202186,2.2134699453551914,96.16352459016393,50.69
JAIPUR,1997,626.23,24.42386301369863,44.159123287671235,2.245150684931507,96.2925205479452,57.43
JAIPUR,1998,513.45,25.426602739726025,41.394465753424655,2.18613698630137,96.22290410958904,50.85
JAIPUR,1999,207.28,26.70487671232877,30.94290410958904,2.391123287671233,96.12980821917807,14.38
JAIPUR,2000,266.46999999999997,26.293360655737708,30.616038251366117,2.3976775956284153,96.09803278688524,26.56
JAIPUR,2001,467.64,25.805342465753426,35.078356164383564,2.1834246575342466,96.17134246575343,82.99
JAIPUR,2002,166.66,27.12531506849315,29.744712328767122,2.3163013698630137,96.18082191780822,17.27
JAIPUR,2003,483.88,25.40646575342466,40.169342465753424,2.1111780821917807,96.2248493150685,26.96
JAIPUR,2004,593.88,25.883852459016392,40.307868852459016,2.1954644808743167,96.21857923497268,60.3
JAIPUR,2005,384.92,25.49142465753425,38.04969863013699,2.2275342465753423,96.21553424657533,35.11
JAIPUR,2006,402.37,26.30676712328767,39.08643835616438,2.3012328767123287,96.19827397260275,31.88
JAIPUR,2007,478.27,25.84115068493151,39.330739726027396,2.2198082191780824,96.18424657534247,45.56
JAIPUR,2008,494.59999999999997,25.425874316939893,40.8448087431694,2.095874316939891,96.17806010928962,55.69
JAIPUR,2009,350.56,26.418575342465754,37.42413698630137,2.198438356164383,96.18917808219179,21.19
JAIPUR,2010,692.67,25.754465753424654,45.29104109589041,2.0227945205479454,96.17432876712328,34.31
JAIPUR,2011,624.86,24.993205479452055,46.43706849315068,2.094904109589041,96.16084931506849,36.87
JAIPUR,2012,646.0,24.746338797814207,40.69352459016393,2.165928961748634,96.1722131147541,91.75
JAIPUR,2013,684.08,24.545835616438357,47.02580821917809,2.1046027397260274,96.20764383561644,38.08
JAIPUR,2014,531.97,25.15953424657534,42.31528767123287,2.2110684931506848,96.28517808219178,52.46
JAIPUR,2015,494.96,25.227780821917808,42.16876712328767,2.1164109589041096,96.3222191780822,31.79
JAIPUR,2016,604.72,26.10808743169399,40.43450819672131,2.0907103825136613,96.22622950819672,57.04
JAIPUR,2017,469.51,25.80021917808219,38.76712328767123,2.196027397260274,96.23109589041096,30.02
JAIPUR,2018,598.85,25.549917808219178,40.626876712328766,2.1157260273972605,96.20539726027397,48.23
JAIPUR,2019,763.83,24.831150684931508,49.23046575342465,1.9875616438356165,96.2817808219178,55.67
JAIPUR,2020,559.09,25.103633879781423,45.7066393442623,1.9593989071038251,96.25071038251367,32.07
JAIPUR,2021,835.11,25.206164383561642,49.94476712328767,2.1251506849315067,96.1888493150685,70.55
JAIPUR,2022,798.9,25.41249315068493,50.11909589041096,2.166849315068493,96.14767123287672,42.95
JALOR,1986,219.12,26.904904109589044,31.92684931506849,2.805753424657534,98.9083287671233,46.03
JALOR,1987,61.6,28.391863013698632,28.078383561643836,2.7526301369863013,98.95027397260273,11.97
JALOR,1988,358.22,27.8568306010929,36.554480874316944,2.7696448087431698,98.84024590163934,45.21
JALOR,1989,179.25,27.39405479452055,32.23071232876712,2.713972602739726,98.91545205479451,25.37
JALOR,1990,286.18,27.530547945205477,37.879698630136986,2.7484383561643835,98.87769863013699,32.63
JALOR,1991,163.9,27.714739726027396,30.422219178082194,2.672191780821918,98.91764383561645,18.33
JALOR,1992,448.6,26.565983606557378,40.89139344262295,2.4881967213114753,98.9794262295082,62.6
JALOR,1993,376.19,27.622301369863013,35.31608219178082,2.661479452054795,98.93898630136987,87.93
JALOR,1994,468.59,26.82134246575343,40.25569863013698,2.5366301369863016,98.90652054794519,63.57
JALOR,1995,253.12,27.515205479452053,34.33057534246575,2.614219178082192,98.90452054794521,27.34
JALOR,1996,414.11,27.022158469945357,36.17374316939891,2.589153005464481,98.86901639344262,35.89
JALOR,1997,454.36,26.081890410958902,43.400520547945206,2.7492328767123286,99.00449315068494,44.76
JALOR,1998,391.62,27.446,38.0907397260274,2.599260273972603,98.90550684931507,42.28
JALOR,1999,202.63,28.000082191780823,32.34704109589041,2.821013698630137,98.84389041095889,55.9
JALOR,2000,185.51999999999998,27.749726775956283,31.639180327868853,2.8828961748633883,98.82046448087432,44.01
JALOR,2001,298.1,27.395123287671233,33.93997260273973,2.5987945205479455,98.87361643835617,38.24
JALOR,2002,89.53,28.2993698630137,29.082794520547942,2.8489589041095886,98.90690410958904,7.73
JALOR,2003,335.69,26.92586301369863,37.74005479452055,2.723123287671233,98.92728767123288,33.47
JALOR,2004,287.25,27.7375956284153,36.00226775956284,2.640218579234973,98.92308743169399,35.72
JALOR,2005,251.09,27.09794520547945,35.95660273972603,2.5584109589041097,98.92569863013698,23.97
JALOR,2006,543.5,27.058520547945207,43.960054794520545,2.5161643835616436,98.90506849315068,81.41
JALOR,2007,297.38,27.449479452054792,38.4713698630137,2.5430410958904113,98.88076712328768,21.33
JALOR,2008,401.38,26.900655737704916,39.60464480874317,2.6112295081967214,98.88265027322406,31.99
JALOR,2009,288.93,27.885863013698632,36.77164383561644,2.5973150684931507,98.89200000000001,35.5
JALOR,2010,562.73,27.24013698630137,45.49630136986302,2.437945205479452,98.86197260273973,35.46
JALOR,2011,461.03,26.813205479452055,44.775287671232874,2.477342465753425,98.85687671232877,53.16
JALOR,2012,509.46,26.199207650273223,42.43161202185792,2.603142076502732,98.88642076502732,64.47
JALOR,2013,472.56,26.37832876712329,44.97947945205479,2.4536986301369863,98.90608219178083,67.02
JALOR,2014,361.25,26.80528767123288,40.59805479452054,2.6043561643835615,98.99649315068494,48.09
JALOR,2015,450.02,26.839013698630136,41.301013698630136,2.513095890410959,99.01764383561644,38.72
JALOR,2016,642.75,27.035109289617488,44.26808743169399,2.453934426229508,98.95505464480875,100.99
JALOR,2017,691.08,26.5652602739726,44.05394520547945,2.491890410958904,98.9509315068493,66.44
JALOR,2018,297.9,27.55358904109589,35.61750684931507,2.5156712328767123,98.92613698630137,26.99
JALOR,2019,609.6899999999999,26.534712328767124,48.67747945205479,2.4105205479452056,98.98893150684931,92.96
JALOR,2020,666.48,26.409316939890708,49.29030054644809,2.3730054644808742,98.94841530054646,58.19
JALOR,2021,395.34,27.43432876712329,43.69416438356165,2.6691506849315068,98.87972602739725,29.0
JALOR,2022,685.8,27.02986301369863,47.58235616438356,2.5772054794520547,98.86408219178082,53.39
JHALAWAR,1986,902.48,25.789534246575343,43.468520547945204,2.5236712328767124,96.8463287671233,64.86
JHALAWAR,1987,599.3,26.732712328767125,40.45495890410959,2.421095890410959,96.9064109589041,63.67
JHALAWAR,1988,697.22,26.778715846994537,42.75153005464481,2.3236612021857925,96.79661202185791,50.41
JHALAWAR,1989,590.49,26.405561643835618,37.23791780821918,2.3863013698630136,96.84369863013698,76.09
JHALAWAR,1990,860.34,25.95745205479452,50.12605479452054,2.4264109589041096,96.83117808219177,48.91
JHALAWAR,1991,647.03,26.28876712328767,40.96391780821918,2.3896712328767125,96.85939726027398,52.45
JHALAWAR,1992,720.47,25.92136612021858,44.48653005464481,2.3492896174863387,96.91366120218579,55.09
JHALAWAR,1993,793.63,26.220958904109587,44.10197260273972,2.4896164383561645,96.89630136986301,56.57
JHALAWAR,1994,835.46,25.712410958904112,46.72632876712329,2.329068493150685,96.84690410958905,38.58
JHALAWAR,1995,931.83,25.893890410958907,46.10567123287671,2.3301643835616437,96.84824657534247,80.49
JHALAWAR,1996,936.5699999999999,25.684562841530052,48.10174863387979,2.328114754098361,96.82193989071038,73.66
JHALAWAR,1997,843.11,25.251287671232873,51.66345205479452,2.4144383561643834,96.94780821917807,72.16
JHALAWAR,1998,655.1800000000001,26.32468493150685,46.56506849315068,2.273013698630137,96.85986301369863,37.96
JHALAWAR,1999,621.37,26.33671232876712,42.93978082191781,2.438219178082192,96.80243835616439,38.97
JHALAWAR,2000,458.55,26.431174863387977,36.68724043715847,2.5377322404371583,96.77084699453552,36.88
JHALAWAR,2001,803.1899999999999,26.010794520547947,42.33147945205479,2.2382739726027396,96.83202739726028,113.2
JHALAWAR,2002,520.2,27.048438356164386,39.058904109589044,2.523095890410959,96.84986301369862,60.78
JHALAWAR,2003,728.25,25.98405479452055,48.5146301369863,2.3704931506849314,96.88,36.36
JHALAWAR,2004,763.24,26.452158469945356,45.63510928961749,2.323169398907104,96.87844262295083,68.54
JHALAWAR,2005,739.23,25.82468493150685,45.635561643835615,2.225150684931507,96.86665753424658,38.55
JHALAWAR,2006,1057.71,26.460027397260273,48.69158904109589,2.2233424657534244,96.85054794520548,88.93
JHALAWAR,2007,879.75,26.04830136986301,48.2674794520548,2.1795890410958902,96.83767123287672,59.18
JHALAWAR,2008,770.88,25.577349726775957,48.5020218579235,2.1926775956284152,96.84005464480875,46.03
JHALAWAR,2009,630.79,26.99150684931507,46.45641095890411,2.3526849315068494,96.84161643835617,52.44
JHALAWAR,2010,771.0,26.650410958904107,50.686328767123285,2.2244931506849315,96.82276712328766,40.22
JHALAWAR,2011,1256.5,25.555534246575345,52.88758904109589,2.140931506849315,96.81945205479451,115.28
JHALAWAR,2012,829.21,25.277595628415302,48.51046448087432,2.321448087431694,96.82857923497268,52.77
JHALAWAR,2013,1325.77,24.90312328767123,55.10057534246575,2.1761917808219176,96.85334246575343,77.74
JHALAWAR,2014,913.76,25.787835616438354,51.93969863013699,2.3595342465753424,96.94079452054794,124.61
JHALAWAR,2015,995.93,25.648,51.122191780821915,2.318191780821918,96.984301369863,61.11
JHALAWAR,2016,1207.32,26.236721311475407,48.911147540983606,2.2598633879781422,96.89292349726776,80.31
JHALAWAR,2017,519.96,26.67843835616438,43.39490410958904,2.336767123287671,96.87983561643836,42.53
JHALAWAR,2018,614.69,26.515534246575342,43.915205479452055,2.3263287671232877,96.86923287671232,35.96
JHALAWAR,2019,1186.55,25.60868493150685,54.40369863013698,2.2056986301369865,96.92682191780823,75.86
JHALAWAR,2020,602.98,25.740546448087436,53.400163934426224,2.20051912568306,96.89934426229507,35.8
JHALAWAR,2021,941.8,26.109506849315068,53.44539726027397,2.3544657534246576,96.84235616438356,62.12
JHALAWAR,2022,951.3100000000001,25.983397260273975,54.54531506849315,2.3126027397260276,96.81884931506849,106.81
JODHPUR,1986,267.69,26.451232876712332,32.87975342465754,2.70227397260274,98.35671232876712,74.32
JODHPUR,1987,76.82,27.993835616438357,28.106794520547943,2.64013698630137,98.39698630136986,17.54
JODHPUR,1988,401.32,27.385928961748633,36.996338797814204,2.653032786885246,98.28797814207651,56.2
JODHPUR,1989,185.82,27.050273972602742,31.549287671232875,2.64358904109589,98.3569315068493,36.24
JODHPUR,1990,290.07,27.168246575342465,37.59786301369863,2.6327671232876715,98.32194520547945,42.43
JODHPUR,1991,183.02,27.302520547945207,30.512410958904113,2.56813698630137,98.36334246575343,24.76
JODHPUR,1992,545.93,25.954699453551914,42.79128415300546,2.3821311475409837,98.42718579234972,85.01
JODHPUR,1993,381.39,27.14301369863014,35.364575342465756,2.5845753424657536,98.38528767123287,112.76
JODHPUR,1994,506.9,26.39580821917808,40.47315068493151,2.440739726027397,98.35323287671233,96.03
JODHPUR,1995,356.73,26.894,35.85589041095891,2.4584931506849315,98.3524109589041,58.72
JODHPUR,1996,477.9,26.43486338797814,37.2085519125683,2.4704098360655737,98.31696721311476,52.35
JODHPUR,1997,524.04,25.463534246575342,45.022109589041094,2.6351232876712327,98.45394520547946,65.46
JODHPUR,1998,443.63,26.856109589041093,39.15794520547945,2.453835616438356,98.36093150684931,61.56
JODHPUR,1999,250.01,27.512986301369864,32.55887671232877,2.6965753424657533,98.29153424657534,65.19
JODHPUR,2000,187.67000000000002,27.347377049180327,31.126530054644807,2.769344262295082,98.264043715847,44.02
JODHPUR,2001,390.89,26.796465753424656,35.030054794520545,2.4350958904109588,98.32594520547946,37.41
JODHPUR,2002,98.4,28.019671232876714,28.618191780821917,2.7003835616438354,98.34627397260275,8.93
JODHPUR,2003,343.51,26.59904109589041,37.690219178082195,2.596876712328767,98.37202739726028,35.3
JODHPUR,2004,288.79,27.358196721311476,36.052595628415304,2.5581420765027323,98.37021857923497,31.44
JODHPUR,2005,284.31,26.666849315068493,36.30906849315068,2.4541917808219176,98.37213698630137,32.56
JODHPUR,2006,292.17,27.293287671232875,39.67868493150685,2.520191780821918,98.34591780821918,37.18
JODHPUR,2007,305.08,27.086356164383563,38.16539726027398,2.4672876712328766,98.3288493150685,25.49
JODHPUR,2008,495.82,26.31806010928962,40.732213114754096,2.4490437158469947,98.33273224043715,45.71
JODHPUR,2009,277.45,27.591232876712326,36.35775342465753,2.5106027397260275,98.33876712328768,35.74
JODHPUR,2010,543.24,26.92019178082192,44.96794520547945,2.346986301369863,98.31169863013697,36.38
JODHPUR,2011,414.77,26.544082191780824,43.85219178082192,2.4260547945205477,98.30326027397261,39.19
JODHPUR,2012,496.42,25.849726775956285,41.53360655737705,2.4672677595628416,98.33398907103825,42.22
JODHPUR,2013,496.40000000000003,25.912383561643836,45.84750684931507,2.355561643835616,98.35767123287673,64.98
JODHPUR,2014,376.11,26.399479452054795,41.04558904109589,2.5296438356164384,98.44339726027397,59.21
JODHPUR,2015,394.9,26.465068493150685,41.11054794520548,2.435205479452055,98.46591780821917,33.31
JODHPUR,2016,528.73,26.872322404371587,42.835218579234976,2.419754098360656,98.39661202185793,104.62
JODHPUR,2017,569.7,26.338931506849317,42.544082191780824,2.405972602739726,98.39778082191782,43.28
JODHPUR,2018,252.42,27.17895890410959,35.10197260273972,2.4716712328767123,98.37290410958904,27.85
JODHPUR,2019,514.79,26.279698630136988,47.789150684931506,2.345835616438356,98.43572602739727,77.07
JODHPUR,2020,519.82,26.30030054644809,47.006475409836064,2.3182513661202186,98.39483606557377,34.74
JODHPUR,2021,326.28,27.288328767123286,42.458164383561645,2.608191780821918,98.32361643835617,22.83
JODHPUR,2022,580.86,26.896027397260273,46.33706849315068,2.492876712328767,98.30369863013698,72.03
KARAULI,1986,514.1,25.95832876712329,37.89646575342466,2.1063561643835618,97.60134246575342,52.84
KARAULI,1987,413.0,27.205917808219176,33.364712328767126,2.0395616438356168,97.64013698630137,29.69
KARAULI,1988,528.44,26.969426229508194,38.28330601092896,2.1278415300546447,97.53502732240437,37.5
KARAULI,1989,407.78999999999996,26.47372602739726,32.763698630136986,2.125972602739726,97.58879452054795,64.25
KARAULI,1990,735.77,26.02690410958904,44.82183561643836,2.1194246575342466,97.57421917808219,45.3
KARAULI,1991,538.16,26.442493150684932,36.5858904109589,2.073753424657534,97.60484931506848,42.98
KARAULI,1992,642.24,25.849071038251367,41.90672131147541,2.078688524590164,97.66166666666666,44.66
KARAULI,1993,597.11,26.427041095890413,38.541561643835614,2.174958904109589,97.62506849315069,40.41
KARAULI,1994,681.08,26.129835616438356,40.708821917808216,2.060630136986301,97.59019178082191,36.57
KARAULI,1995,789.69,25.838520547945205,43.49197260273972,2.0861917808219177,97.59515068493151,64.26
KARAULI,1996,812.71,25.58062841530055,44.727076502732245,2.0097814207650275,97.56551912568307,39.18
KARAULI,1997,641.99,25.328246575342465,45.157534246575345,2.1394794520547946,97.69569863013699,41.12
KARAULI,1998,598.73,26.048657534246576,44.118493150684934,2.019753424657534,97.6231506849315,36.31
KARAULI,1999,408.32,27.027287671232873,35.07194520547945,2.1526027397260274,97.52506849315068,28.9
KARAULI,2000,308.95,26.94653005464481,31.89603825136612,2.2110928961748635,97.48986338797815,18.1
KARAULI,2001,536.69,26.453095890410957,37.049424657534246,1.980958904109589,97.56621917808219,54.9
KARAULI,2002,324.61,27.53717808219178,33.57241095890411,2.175013698630137,97.57649315068493,29.65
KARAULI,2003,524.71,26.07082191780822,42.956876712328764,1.965917808219178,97.62701369863014,24.22
KARAULI,2004,647.39,26.54581967213115,42.554863387978145,2.0854371584699454,97.61524590163934,46.19
KARAULI,2005,467.98,26.11731506849315,40.38246575342466,2.1115890410958906,97.61252054794521,31.28
KARAULI,2006,497.08,26.882164383561644,41.03805479452055,2.162219178082192,97.59536986301369,32.69
KARAULI,2007,524.31,26.443726027397258,41.343041095890406,2.1058356164383563,97.58309589041096,41.73
KARAULI,2008,641.19,25.758087431693987,44.873797814207656,1.910327868852459,97.58112021857924,38.65
KARAULI,2009,445.03000000000003,27.01317808219178,41.171150684931504,2.1116164383561644,97.58356164383562,33.27
KARAULI,2010,688.39,26.473041095890412,47.211726027397255,1.9226027397260275,97.5732602739726,30.18
KARAULI,2011,754.96,25.37457534246575,50.199561643835615,1.9006575342465755,97.56621917808219,26.34
KARAULI,2012,763.38,25.297978142076502,44.036475409836065,2.054453551912568,97.56846994535519,72.72
KARAULI,2013,951.57,24.88123287671233,51.97958904109589,1.9452054794520548,97.61186301369864,36.66
KARAULI,2014,653.16,25.787041095890412,46.336246575342464,2.037287671232877,97.68547945205479,41.99
KARAULI,2015,656.04,25.79295890410959,45.733671232876716,1.939808219178082,97.73016438356164,41.74
KARAULI,2016,764.87,26.602459016393443,42.99535519125683,1.8591256830601095,97.6205737704918,54.43
KARAULI,2017,456.22,26.730054794520544,39.495698630136985,2.06813698630137,97.61802739726028,24.64
KARAULI,2018,847.86,25.963123287671234,45.47887671232877,1.9453424657534246,97.60019178082192,50.03
KARAULI,2019,756.25,25.522000000000002,51.71046575342466,1.8943835616438358,97.67994520547946,37.75
KARAULI,2020,508.21,25.950300546448087,46.685327868852454,1.8688524590163935,97.65401639344263,28.95
KARAULI,2021,896.88,25.935342465753422,51.23523287671233,2.0083835616438352,97.59150684931507,61.8
KARAULI,2022,815.72,25.99254794520548,52.31690410958904,1.9936164383561643,97.55123287671232,32.7
KOTA,1986,790.45,25.34876712328767,41.90068493150685,2.4443287671232876,96.52545205479453,63.6
KOTA,1987,422.0,26.751342465753424,36.64145205479452,2.378054794520548,96.57734246575343,34.27
KOTA,1988,615.16,26.545245901639344,41.28360655737705,2.334863387978142,96.46866120218579,57.52
KOTA,1989,524.75,26.088438356164385,35.61824657534247,2.4015616438356164,96.52112328767123,96.09
KOTA,1990,613.05,26.02241095890411,46.020273972602745,2.397205479452055,96.49978082191781,59.32
KOTA,1991,539.87,26.07882191780822,38.653479452054796,2.324739726027397,96.53493150684932,47.65
KOTA,1992,686.38,25.562267759562843,43.75737704918033,2.2995081967213116,96.58846994535519,66.0
KOTA,1993,698.83,26.0841095890411,42.020438356164384,2.4534794520547947,96.56750684931507,69.61
KOTA,1994,739.81,25.521369863013696,44.58772602739726,2.2755342465753428,96.52030136986302,46.38
KOTA,1995,732.9300000000001,25.738657534246578,43.519342465753425,2.313150684931507,96.52216438356163,88.29
KOTA,1996,748.32,25.473879781420766,45.67174863387978,2.293306010928962,96.49352459016393,59.99
KOTA,1997,687.2,25.01975342465753,49.180410958904105,2.379178082191781,96.61586301369863,75.26
KOTA,1998,562.92,26.104,44.00142465753425,2.2436986301369863,96.53569863013698,33.6
KOTA,1999,477.39,26.421616438356164,39.036986301369865,2.4224657534246576,96.4712602739726,41.53
KOTA,2000,425.87,26.283497267759564,35.30866120218579,2.448551912568306,96.44092896174863,33.17
KOTA,2001,665.39,25.910356164383565,39.7007397260274,2.2082465753424656,96.5028493150685,91.53
KOTA,2002,384.51,26.951561643835614,35.91495890410959,2.4783013698630136,96.51890410958904,51.66
KOTA,2003,539.2,25.88972602739726,44.49268493150685,2.317150684931507,96.54682191780823,39.92
KOTA,2004,677.26,26.23617486338798,43.66726775956284,2.2678688524590163,96.5503825136612,67.68
KOTA,2005,615.82,25.600109589041097,43.14616438356165,2.229945205479452,96.54139726027397,35.09
KOTA,2006,882.02,26.221945205479454,46.6834794520548,2.2394520547945205,96.52191780821917,72.93
KOTA,2007,722.28,25.875780821917807,45.84487671232877,2.1685479452054794,96.50736986301371,43.62
KOTA,2008,637.87,25.49489071038251,45.729535519125676,2.1950819672131145,96.50909836065574,51.01
KOTA,2009,518.19,26.799589041095892,43.11789041095891,2.321945205479452,96.5127397260274,48.57
KOTA,2010,724.32,26.34517808219178,49.20967123287671,2.2075616438356165,96.49410958904109,34.27
KOTA,2011,965.41,25.229479452054797,51.95013698630137,2.1289589041095893,96.49005479452056,68.18
KOTA,2012,785.43,24.90846994535519,47.18950819672131,2.2325409836065573,96.50379781420764,56.62
KOTA,2013,1016.38,24.651506849315066,53.18786301369863,2.118849315068493,96.53172602739727,52.74
KOTA,2014,777.21,25.465232876712328,49.9866301369863,2.307150684931507,96.61367123287671,91.24
KOTA,2015,889.72,25.334821917808217,49.27731506849315,2.262767123287671,96.65002739726027,68.41
KOTA,2016,1139.84,25.988169398907104,47.94426229508196,2.214016393442623,96.56341530054645,78.04
KOTA,2017,567.39,26.16419178082192,43.61380821917808,2.2613698630136985,96.55630136986302,43.91
KOTA,2018,730.54,25.96084931506849,44.50038356164384,2.278027397260274,96.54312328767122,56.38
KOTA,2019,1343.92,25.020767123287673,55.27435616438356,2.125123287671233,96.60438356164383,96.69
KOTA,2020,625.81,25.354453551912567,52.86609289617487,2.1045628415300546,96.56989071038252,34.14
KOTA,2021,1158.36,25.63523287671233,54.40339726027398,2.3029589041095893,96.51057534246576,100.32
KOTA,2022,1114.81,25.50517808219178,55.336383561643835,2.25841095890411,96.48684931506848,120.58
NAGAUR,1986,277.03,25.830520547945206,32.44975342465754,2.561178082191781,97.18901369863013,58.62
NAGAUR,1987,163.26,27.193972602739723,27.897287671232878,2.4747397260273973,97.22876712328767,16.59
NAGAUR,1988,324.29,26.999043715846994,34.416366120218576,2.687622950819672,97.11699453551913,25.12
NAGAUR,1989,231.07,26.400712328767124,30.217780821917806,2.5926027397260274,97.18372602739726,41.85
NAGAUR,1990,330.1,26.52709589041096,36.409150684931504,2.592575342465753,97.14860273972602,23.86
NAGAUR,1991,161.06,26.762109589041096,29.063342465753426,2.5136164383561646,97.19200000000001,18.93
NAGAUR,1992,499.29,25.523852459016393,39.60177595628415,2.366311475409836,97.25368852459016,45.92
NAGAUR,1993,328.51,26.67887671232877,33.12923287671233,2.57,97.20879452054794,49.74
NAGAUR,1994,473.8,25.971561643835617,37.78780821917808,2.4265753424657537,97.18093150684932,59.43
NAGAUR,1995,440.49,26.04123287671233,36.234054794520546,2.3863561643835616,97.18556164383563,44.82
NAGAUR,1996,461.21,25.799562841530054,35.88049180327869,2.418005464480874,97.14745901639344,45.4
NAGAUR,1997,474.48,24.884575342465755,42.58364383561644,2.5689041095890413,97.28117808219177,44.95
NAGAUR,1998,442.6,26.2326301369863,37.93621917808219,2.3598082191780825,97.19997260273972,32.95
NAGAUR,1999,168.38,27.092082191780822,30.56794520547945,2.6645479452054794,97.11531506849315,28.91
NAGAUR,2000,165.12,26.84882513661202,29.39155737704918,2.738360655737705,97.08571038251367,31.48
NAGAUR,2001,348.71,26.28846575342466,33.41235616438356,2.457095890410959,97.15602739726026,20.14
NAGAUR,2002,84.02,27.62986301369863,27.086136986301373,2.579972602739726,97.16747945205479,6.84
NAGAUR,2003,364.31,26.001397260273972,36.62731506849315,2.471260273972603,97.20323287671233,33.12
NAGAUR,2004,277.15,26.92346994535519,34.57770491803279,2.51396174863388,97.19642076502733,21.56
NAGAUR,2005,281.83,26.076301369863014,35.56027397260274,2.4306301369863013,97.20279452054794,20.73
NAGAUR,2006,242.74,26.99241095890411,37.02717808219178,2.5556712328767124,97.1750410958904,17.94
NAGAUR,2007,316.74,26.533123287671234,36.89580821917808,2.4644931506849312,97.16276712328767,38.06
NAGAUR,2008,427.48,25.92139344262295,38.846693989071035,2.43207650273224,97.15948087431694,30.96
NAGAUR,2009,271.96,27.006027397260276,34.92709589041096,2.436958904109589,97.17252054794521,22.62
NAGAUR,2010,484.02,26.54295890410959,41.421424657534246,2.294109589041096,97.14498630136985,30.61
NAGAUR,2011,458.09,25.89597260273973,42.361561643835614,2.436191780821918,97.1362191780822,59.75
NAGAUR,2012,438.78000000000003,25.35270491803279,38.38743169398907,2.398770491803279,97.16131147540983,33.24
NAGAUR,2013,475.57,25.48057534246575,43.102,2.3514246575342463,97.18750684931507,37.07
NAGAUR,2014,371.68,25.73791780821918,39.270575342465754,2.5084383561643837,97.26986301369863,47.47
NAGAUR,2015,420.02,25.749452054794517,40.46695890410959,2.361890410958904,97.29857534246577,27.36
NAGAUR,2016,469.95,26.566147540983604,39.483278688524585,2.4189617486338797,97.21532786885246,41.69
NAGAUR,2017,445.09,26.000383561643833,38.86621917808219,2.3980547945205477,97.2250410958904,23.15
NAGAUR,2018,336.68,26.464493150684934,34.874136986301366,2.3926575342465757,97.19720547945207,36.89
NAGAUR,2019,510.73,25.760136986301372,45.20605479452055,2.2403835616438355,97.26520547945206,47.48
NAGAUR,2020,430.31,25.79786885245902,43.544371584699455,2.298606557377049,97.22800546448087,24.67
NAGAUR,2021,408.03000000000003,26.58898630136986,41.88904109589041,2.4454246575342466,97.15906849315068,19.71
NAGAUR,2022,535.65,26.450547945205482,44.5253698630137,2.458739726027397,97.12438356164384,36.09
PALI,1986,267.69,26.451232876712332,32.87975342465754,2.70227397260274,98.35671232876712,74.32
PALI,1987,76.82,27.993835616438357,28.106794520547943,2.64013698630137,98.39698630136986,17.54
PALI,1988,401.32,27.385928961748633,36.996338797814204,2.653032786885246,98.28797814207651,56.2
PALI,1989,185.82,27.050273972602742,31.549287671232875,2.64358904109589,98.3569315068493,36.24
PALI,1990,290.07,27.168246575342465,37.59786301369863,2.6327671232876715,98.32194520547945,42.43
PALI,1991,183.02,27.302520547945207,30.512410958904113,2.56813698630137,98.36334246575343,24.76
PALI,1992,545.93,25.954699453551914,42.79128415300546,2.3821311475409837,98.42718579234972,85.01
PALI,1993,381.39,27.14301369863014,35.364575342465756,2.5845753424657536,98.38528767123287,112.76
PALI,1994,506.9,26.39580821917808,40.47315068493151,2.440739726027397,98.35323287671233,96.03
PALI,1995,356.73,26.894,35.85589041095891,2.4584931506849315,98.3524109589041,58.72
PALI,1996,477.9,26.43486338797814,37.2085519125683,2.4704098360655737,98.31696721311476,52.35
PALI,1997,524.04,25.463534246575342,45.022109589041094,2.6351232876712327,98.45394520547946,65.46
PALI,1998,443.63,26.856109589041093,39.15794520547945,2.453835616438356,98.36093150684931,61.56
PALI,1999,250.01,27.512986301369864,32.55887671232877,2.6965753424657533,98.29153424657534,65.19
PALI,2000,187.67000000000002,27.347377049180327,31.126530054644807,2.769344262295082,98.264043715847,44.02
PALI,2001,390.89,26.796465753424656,35.030054794520545,2.4350958904109588,98.32594520547946,37.41
PALI,2002,98.4,28.019671232876714,28.618191780821917,2.7003835616438354,98.34627397260275,8.93
PALI,2003,343.51,26.59904109589041,37.690219178082195,2.596876712328767,98.37202739726028,35.3
PALI,2004,288.79,27.358196721311476,36.052595628415304,2.5581420765027323,98.37021857923497,31.44
PALI,2005,284.31,26.666849315068493,36.30906849315068,2.4541917808219176,98.37213698630137,32.56
PALI,2006,292.17,27.293287671232875,39.67868493150685,2.520191780821918,98.34591780821918,37.18
PALI,2007,305.08,27.086356164383563,38.16539726027398,2.4672876712328766,98.3288493150685,25.49
PALI,2008,495.82,26.31806010928962,40.732213114754096,2.4490437158469947,98.33273224043715,45.71
PALI,2009,277.45,27.591232876712326,36.35775342465753,2.5106027397260275,98.33876712328768,35.74
PALI,2010,543.24,26.92019178082192,44.96794520547945,2.346986301369863,98.31169863013697,36.38
PALI,2011,414.77,26.544082191780824,43.85219178082192,2.4260547945205477,98.30326027397261,39.19
PALI,2012,496.42,25.849726775956285,41.53360655737705,2.4672677595628416,98.33398907103825,42.22
PALI,2013,496.40000000000003,25.912383561643836,45.84750684931507,2.355561643835616,98.35767123287673,64.98
PALI,2014,376.11,26.399479452054795,41.04558904109589,2.5296438356164384,98.44339726027397,59.21
PALI,2015,394.9,26.465068493150685,41.11054794520548,2.435205479452055,98.46591780821917,33.31
PALI,2016,528.73,26.872322404371587,42.835218579234976,2.419754098360656,98.39661202185793,104.62
PALI,2017,569.7,26.338931506849317,42.544082191780824,2.405972602739726,98.39778082191782,43.28
PALI,2018,252.42,27.17895890410959,35.10197260273972,2.4716712328767123,98.37290410958904,27.85
PALI,2019,514.79,26.279698630136988,47.789150684931506,2.345835616438356,98.43572602739727,77.07
PALI,2020,519.82,26.30030054644809,47.006475409836064,2.3182513661202186,98.39483606557377,34.74
PALI,2021,326.28,27.288328767123286,42.458164383561645,2.608191780821918,98.32361643835617,22.83
PALI,2022,580.86,26.896027397260273,46.33706849315068,2.492876712328767,98.30369863013698,72.03
PRATAPGARH,1986,799.07,25.17805479452055,43.784,2.7596986301369864,95.87775342465753,54.76
PRATAPGARH,1987,633.77,26.123534246575343,41.3326301369863,2.610219178082192,95.93997260273972,78.42
PRATAPGARH,1988,787.18,25.90945355191257,46.15508196721311,2.5437978142076503,95.83371584699454,46.29
PRATAPGARH,1989,585.4,25.702246575342464,39.98591780821918,2.614794520547945,95.88153424657534,54.9
PRATAPGARH,1990,857.76,25.36509589041096,51.621753424657534,2.642794520547945,95.86438356164383,47.4
PRATAPGARH,1991,613.04,25.744164383561646,41.758849315068495,2.5826301369863014,95.89249315068494,45.03
PRATAPGARH,1992,677.11,25.350819672131145,45.11112021857923,2.6146448087431695,95.94292349726776,57.99
PRATAPGARH,1993,796.65,25.62468493150685,45.50504109589041,2.692986301369863,95.93230136986301,51.87
PRATAPGARH,1994,956.44,24.95786301369863,48.69087671232876,2.596438356164384,95.87978082191782,46.33
PRATAPGARH,1995,715.59,25.505972602739728,45.50676712328767,2.586,95.87369863013699,73.89
PRATAPGARH,1996,872.63,25.176475409836065,48.41467213114754,2.6129234972677597,95.85051912568306,75.64
PRATAPGARH,1997,869.33,24.566931506849315,53.696876712328766,2.6261643835616435,95.97120547945205,76.78
PRATAPGARH,1998,729.25,25.71709589041096,48.032931506849316,2.5142191780821914,95.88164383561644,42.62
PRATAPGARH,1999,618.43,25.663863013698627,44.76734246575342,2.707917808219178,95.83838356164384,32.54
PRATAPGARH,2000,543.83,25.76295081967213,39.62677595628415,2.6844262295081966,95.80907103825137,33.88
PRATAPGARH,2001,588.11,25.696,41.95942465753425,2.5602191780821917,95.85643835616438,69.52
PRATAPGARH,2002,471.46,26.299123287671232,40.197589041095895,2.7651232876712326,95.89520547945206,24.43
PRATAPGARH,2003,707.0,25.46145205479452,49.23416438356165,2.656657534246575,95.90734246575343,32.26
PRATAPGARH,2004,730.01,25.820464480874318,46.97726775956284,2.5508743169398906,95.91103825136612,80.93
PRATAPGARH,2005,717.49,25.264520547945203,46.202,2.449178082191781,95.89487671232877,43.14
PRATAPGARH,2006,1016.67,25.694,50.960684931506854,2.458082191780822,95.88369863013699,60.75
PRATAPGARH,2007,764.44,25.63791780821918,48.443698630136986,2.430876712328767,95.86,45.81
PRATAPGARH,2008,619.18,25.387185792349726,46.87459016393442,2.587896174863388,95.86199453551912,45.4
PRATAPGARH,2009,710.24,26.168931506849315,48.585808219178084,2.5586301369863014,95.87830136986302,74.29
PRATAPGARH,2010,859.4,25.99964383561644,52.556082191780824,2.4530684931506848,95.84810958904109,47.22
PRATAPGARH,2011,944.3299999999999,25.18167123287671,52.12432876712329,2.4716164383561643,95.84098630136987,39.86
PRATAPGARH,2012,854.87,24.765464480874318,49.35344262295082,2.627021857923497,95.85953551912567,75.15
PRATAPGARH,2013,1072.76,24.52553424657534,55.13342465753425,2.4635616438356167,95.87430136986302,58.86
PRATAPGARH,2014,755.87,25.29183561643836,51.46816438356165,2.56013698630137,95.97027397260274,51.85
PRATAPGARH,2015,868.82,25.379671232876714,49.99131506849316,2.612,96.00254794520548,51.75
PRATAPGARH,2016,1162.8799999999999,25.625,49.42237704918033,2.4589344262295083,95.93284153005465,85.95
PRATAPGARH,2017,791.77,25.54427397260274,48.19306849315069,2.537808219178082,95.91972602739725,56.0
PRATAPGARH,2018,694.55,25.834383561643833,45.043863013698626,2.500821917808219,95.91142465753424,48.65
PRATAPGARH,2019,1268.32,24.930657534246578,56.088986301369864,2.4735342465753427,95.95547945205479,64.38
PRATAPGARH,2020,846.18,24.921857923497267,56.25306010928961,2.4349453551912568,95.92139344262296,59.07
PRATAPGARH,2021,1022.32,25.227452054794522,55.986821917808214,2.5735068493150686,95.87586301369863,62.07
PRATAPGARH,2022,1026.46,25.236712328767123,55.57476712328767,2.5176712328767126,95.8557808219178,72.63
RAJ SAMAND,1986,501.40999999999997,24.100986301369865,38.24191780821918,2.4966027397260273,94.0108493150685,61.83
RAJ SAMAND,1987,239.85,25.462958904109588,33.977972602739726,2.4477260273972603,94.07030136986302,26.64
RAJ SAMAND,1988,559.67,25.094043715846993,41.09013661202186,2.441448087431694,93.96459016393443,46.28
RAJ SAMAND,1989,379.89,24.53835616438356,36.78928767123288,2.4663013698630136,94.02131506849315,43.81
RAJ SAMAND,1990,520.07,24.558383561643833,44.88438356164384,2.4577260273972605,93.99241095890412,38.43
RAJ SAMAND,1991,381.15,24.789315068493153,36.57457534246575,2.396849315068493,94.02882191780822,30.81
RAJ SAMAND,1992,677.22,23.81997267759563,45.10333333333333,2.318688524590164,94.07956284153006,71.87
RAJ SAMAND,1993,575.27,24.742575342465756,40.94813698630137,2.4955890410958905,94.06038356164383,89.4
RAJ SAMAND,1994,787.42,23.906301369863012,45.63416438356165,2.3244657534246573,94.01276712328769,62.28
RAJ SAMAND,1995,341.46,24.753780821917807,39.06068493150685,2.4240821917808217,94.00745205479453,26.35
RAJ SAMAND,1996,667.62,24.085928961748635,43.643852459016394,2.368551912568306,93.98185792349727,42.72
RAJ SAMAND,1997,740.71,23.095945205479453,50.959479452054794,2.4105753424657537,94.09471232876712,51.53
RAJ SAMAND,1998,591.08,24.45476712328767,44.00435616438356,2.3856986301369862,94.02153424657534,44.77
RAJ SAMAND,1999,397.51,24.92723287671233,38.37668493150685,2.541178082191781,93.9694794520548,56.6
RAJ SAMAND,2000,367.15,24.85825136612022,36.06535519125683,2.5619398907103825,93.94183060109289,63.61
RAJ SAMAND,2001,443.06,24.599890410958903,38.49550684931507,2.327068493150685,93.98873972602739,37.75
RAJ SAMAND,2002,256.44,25.47958904109589,34.00071232876712,2.567945205479452,94.02509589041097,26.99
RAJ SAMAND,2003,358.2,24.621150684931504,41.2407397260274,2.527315068493151,94.02915068493151,22.34
RAJ SAMAND,2004,521.86,24.837459016393442,42.27497267759563,2.3620765027322403,94.04234972677595,112.03
RAJ SAMAND,2005,511.86,24.234931506849314,42.025205479452055,2.2771780821917806,94.02909589041097,47.78
RAJ SAMAND,2006,580.83,24.888356164383563,45.372821917808224,2.2825205479452055,94.01186301369863,36.32
RAJ SAMAND,2007,467.19,24.808602739726027,42.78306849315069,2.3339178082191783,93.99150684931507,42.37
RAJ SAMAND,2008,520.33,24.26893442622951,44.15844262295082,2.341967213114754,93.9920218579235,52.39
RAJ SAMAND,2009,490.73,25.162520547945206,42.27495890410959,2.3443561643835618,94.01016438356164,42.5
RAJ SAMAND,2010,774.73,24.675726027397257,49.64197260273973,2.295068493150685,93.9824383561644,51.57
RAJ SAMAND,2011,608.93,24.29649315068493,48.380219178082186,2.2921917808219177,93.96482191780822,37.95
RAJ SAMAND,2012,687.41,23.673688524590162,46.15825136612021,2.358633879781421,93.98666666666668,118.04
RAJ SAMAND,2013,581.64,23.799260273972603,48.60934246575342,2.2527397260273974,94.00569863013699,48.58
RAJ SAMAND,2014,491.09,24.21791780821918,46.23391780821918,2.3856712328767125,94.09465753424658,34.63
RAJ SAMAND,2015,506.0,24.443287671232873,44.68898630136986,2.406438356164384,94.11835616438356,45.14
RAJ SAMAND,2016,876.29,24.621830601092896,47.098278688524594,2.24172131147541,94.06475409836065,77.28
RAJ SAMAND,2017,709.84,24.40964383561644,45.55586301369863,2.313205479452055,94.05090410958904,55.34
RAJ SAMAND,2018,445.9,24.839698630136986,40.93131506849315,2.299835616438356,94.04090410958904,31.87
RAJ SAMAND,2019,816.24,23.7761095890411,53.74065753424657,2.239068493150685,94.08545205479453,96.75
RAJ SAMAND,2020,783.44,23.904016393442625,52.96877049180328,2.211229508196721,94.04808743169399,61.01
RAJ SAMAND,2021,618.5,24.60421917808219,50.38391780821918,2.4072876712328766,93.99720547945206,47.02
RAJ SAMAND,2022,777.05,24.51482191780822,50.273397260273974,2.374821917808219,93.98079452054795,54.18
SAWAI MADHOPUR,1986,617.73,25.97945205479452,39.04482191780822,2.1353698630136986,97.71654794520548,63.58
SAWAI MADHOPUR,1987,392.31,27.349397260273975,33.83720547945205,2.0852876712328765,97.7591506849315,27.09
SAWAI MADHOPUR,1988,511.4,27.15639344262295,38.27314207650273,2.1262295081967215,97.65117486338798,39.33
SAWAI MADHOPUR,1989,456.82,26.583753424657534,33.20890410958904,2.173972602739726,97.70690410958903,92.27
SAWAI MADHOPUR,1990,682.3100000000001,26.232410958904108,44.874054794520546,2.1336438356164384,97.69002739726028,46.92
SAWAI MADHOPUR,1991,538.53,26.568575342465756,36.80095890410959,2.07586301369863,97.72194520547946,38.69
SAWAI MADHOPUR,1992,676.21,25.880409836065574,42.98732240437159,2.047950819672131,97.78098360655737,50.63
SAWAI MADHOPUR,1993,605.76,26.603671232876714,39.10572602739726,2.161260273972603,97.74673972602739,54.92
SAWAI MADHOPUR,1994,701.48,26.07939726027397,42.196657534246576,2.039315068493151,97.70852054794521,52.93
SAWAI MADHOPUR,1995,801.59,25.93268493150685,44.026931506849316,2.062986301369863,97.71372602739727,58.91
SAWAI MADHOPUR,1996,780.54,25.7303825136612,44.98081967213115,2.0028415300546447,97.68426229508198,53.66
SAWAI MADHOPUR,1997,678.3100000000001,25.356465753424658,47.07972602739726,2.1414794520547944,97.81271232876712,55.67
SAWAI MADHOPUR,1998,543.3,26.35413698630137,42.940301369863015,2.0442739726027397,97.73482191780822,45.94
SAWAI MADHOPUR,1999,370.94,27.184246575342467,35.081753424657535,2.1656712328767123,97.64810958904108,27.51
SAWAI MADHOPUR,2000,341.71999999999997,27.004453551912565,32.11453551912568,2.1824043715846995,97.61366120218578,24.05
SAWAI MADHOPUR,2001,625.87,26.375972602739726,38.258,1.9343013698630136,97.68912328767124,81.04
SAWAI MADHOPUR,2002,303.07,27.73950684931507,33.09090410958904,2.1663287671232876,97.69449315068492,34.56
SAWAI MADHOPUR,2003,546.61,26.183178082191784,43.23797260273973,2.009917808219178,97.74117808219178,26.61
SAWAI MADHOPUR,2004,712.89,26.551639344262295,43.38658469945355,2.0235245901639343,97.73699453551912,62.0
SAWAI MADHOPUR,2005,509.15999999999997,26.159479452054793,40.79454794520548,2.071095890410959,97.73030136986301,30.33
SAWAI MADHOPUR,2006,642.17,26.80005479452055,43.26950684931507,2.0682739726027397,97.71095890410959,41.6
SAWAI MADHOPUR,2007,638.95,26.32613698630137,43.42095890410959,2.010219178082192,97.7011506849315,40.6
SAWAI MADHOPUR,2008,619.06,25.899453551912572,44.72595628415301,1.8822131147540984,97.69983606557376,62.25
SAWAI MADHOPUR,2009,434.03,27.253041095890413,40.84243835616439,2.11841095890411,97.69868493150685,41.9
SAWAI MADHOPUR,2010,725.3,26.555041095890413,48.102,1.9204109589041096,97.68821917808218,33.97
SAWAI MADHOPUR,2011,867.31,25.406904109589043,51.68454794520548,1.8772876712328768,97.68402739726027,56.25
SAWAI MADHOPUR,2012,761.21,25.32568306010929,45.319754098360654,1.9992076502732241,97.69254098360656,57.64
SAWAI MADHOPUR,2013,975.86,24.92684931506849,52.90375342465753,1.9246575342465753,97.73002739726027,44.25
SAWAI MADHOPUR,2014,732.35,25.74323287671233,48.86468493150685,2.094657534246575,97.80600000000001,56.81
SAWAI MADHOPUR,2015,718.68,25.78257534246575,47.25142465753425,1.9578904109589041,97.84443835616439,31.67
SAWAI MADHOPUR,2016,864.99,26.503005464480875,45.72612021857923,1.8995628415300547,97.74243169398908,61.43
SAWAI MADHOPUR,2017,445.1,26.82090410958904,40.060986301369866,2.109178082191781,97.73871232876712,29.59
SAWAI MADHOPUR,2018,888.59,26.077205479452054,45.84501369863014,1.9969041095890412,97.72345205479452,73.0
SAWAI MADHOPUR,2019,951.15,25.45046575342466,53.8141095890411,1.9015342465753424,97.79901369863013,65.85
SAWAI MADHOPUR,2020,531.92,26.028934426229508,48.727349726775955,1.9159016393442623,97.76601092896175,40.81
SAWAI MADHOPUR,2021,1125.5,26.092767123287672,52.661095890410955,1.9983013698630137,97.69991780821918,120.36
SAWAI MADHOPUR,2022,994.05,25.852712328767122,54.6546301369863,1.9571780821917808,97.66942465753425,63.32
SIROHI,1986,399.34999999999997,25.567616438356165,35.646109589041096,2.461945205479452,96.32663013698631,64.57
SIROHI,1987,164.75,27.023616438356168,31.346657534246578,2.465232876712329,96.38049315068493,28.64
SIROHI,1988,541.14,26.41748633879781,40.11423497267759,2.4333333333333336,96.27494535519125,60.07
SIROHI,1989,341.5,25.93909589041096,35.84041095890411,2.3824931506849314,96.34068493150684,41.24
SIROHI,1990,506.94,25.914657534246576,43.358219178082194,2.4135068493150684,96.30906849315068,44.09
SIROHI,1991,329.84,26.214027397260278,34.78224657534247,2.386958904109589,96.34435616438357,31.9
SIROHI,1992,656.99,25.152486338797814,43.87693989071038,2.261174863387978,96.40013661202185,78.73
SIROHI,1993,549.22,26.152410958904106,39.675397260273975,2.4403835616438356,96.37216438356164,115.0
SIROHI,1994,819.45,25.25695890410959,44.47230136986301,2.2606027397260275,96.3309589041096,77.06
SIROHI,1995,315.51,26.170438356164382,37.14824657534247,2.3922465753424658,96.32419178082192,33.89
SIROHI,1996,648.05,25.507950819672132,41.509207650273225,2.3146448087431692,96.29598360655739,49.34
SIROHI,1997,768.55,24.425013698630135,49.458739726027396,2.3748493150684933,96.41945205479452,56.85
SIROHI,1998,607.66,25.84295890410959,42.68772602739726,2.3526849315068494,96.33032876712329,55.03
SIROHI,1999,372.15,26.428027397260273,36.516821917808215,2.5052602739726026,96.27728767123287,72.99
SIROHI,2000,356.99,26.25688524590164,35.239289617486335,2.54827868852459,96.25341530054645,92.58
SIROHI,2001,424.16,25.995397260273972,37.3593698630137,2.356164383561644,96.30098630136986,35.27
SIROHI,2002,209.17,26.871917808219177,32.38904109589041,2.54786301369863,96.34010958904109,20.58
SIROHI,2003,416.43,25.78276712328767,40.58569863013699,2.5025753424657533,96.34830136986301,25.32
SIROHI,2004,488.78000000000003,26.2446174863388,40.47606557377049,2.3465300546448087,96.35434426229509,94.62
SIROHI,2005,478.26,25.552054794520547,40.786054794520545,2.255342465753425,96.34698630136987,42.77
SIROHI,2006,614.46,25.98331506849315,45.441835616438354,2.250082191780822,96.33013698630137,51.68
SIROHI,2007,462.16,26.080876712328767,41.85169863013699,2.3126301369863014,96.30580821917809,34.68
SIROHI,2008,540.06,25.565273224043715,43.221748633879784,2.3387431693989074,96.30658469945355,48.05
SIROHI,2009,472.24,26.454465753424657,41.08093150684932,2.304602739726027,96.3225205479452,38.13
SIROHI,2010,797.75,25.95408219178082,48.47821917808219,2.2502739726027396,96.29164383561643,43.19
SIROHI,2011,603.75,25.59931506849315,47.06147945205479,2.27186301369863,96.2789315068493,42.92
SIROHI,2012,690.43,25.018907103825136,44.95404371584699,2.3546994535519126,96.30590163934426,89.77
SIROHI,2013,600.87,25.151013698630138,47.3301095890411,2.221698630136986,96.32224657534248,48.16
SIROHI,2014,499.40999999999997,25.527452054794523,44.44375342465753,2.3352054794520547,96.41627397260275,43.56
SIROHI,2015,524.26,25.72043835616438,43.46008219178082,2.3535616438356164,96.43635616438355,42.89
SIROHI,2016,756.01,25.87636612021858,45.81109289617486,2.199535519125683,96.38218579234972,77.36
SIROHI,2017,829.88,25.634986301369864,45.131863013698634,2.272657534246575,96.36832876712329,82.1
SIROHI,2018,388.51,26.2558904109589,38.902410958904106,2.2605479452054795,96.35594520547944,41.63
SIROHI,2019,763.76,25.188383561643835,51.66468493150685,2.1833150684931506,96.40441095890411,103.1
SIROHI,2020,888.84,25.253524590163938,51.438825136612024,2.1543169398907103,96.36379781420766,74.91
SIROHI,2021,526.26,26.050602739726024,47.64638356164384,2.379369863013699,96.30958904109589,45.66
SIROHI,2022,801.79,25.803561643835614,48.52504109589041,2.312164383561644,96.29597260273972,76.86
TONK,1986,533.01,25.82167123287671,37.41794520547945,2.2454246575342465,97.29306849315068,47.75
TONK,1987,315.06,27.25917808219178,32.28523287671233,2.1823835616438356,97.33605479452054,16.49
TONK,1988,456.40999999999997,27.03562841530055,37.29346994535519,2.229398907103825,97.22663934426228,37.26
TONK,1989,398.7,26.404383561643836,32.502712328767124,2.304712328767123,97.28531506849315,82.17
TONK,1990,567.27,26.23904109589041,42.68375342465753,2.231178082191781,97.26419178082192,37.26
TONK,1991,447.23,26.502164383561645,34.81506849315068,2.156054794520548,97.2995616438356,29.16
TONK,1992,621.4,25.674371584699454,42.44068306010929,2.142622950819672,97.35745901639345,52.95
TONK,1993,534.05,26.62276712328767,37.28824657534246,2.25413698630137,97.32271232876712,47.0
TONK,1994,635.26,25.89539726027397,41.34808219178082,2.122,97.28556164383562,47.41
TONK,1995,665.69,25.909835616438357,41.64912328767123,2.1291506849315067,97.28969863013698,53.85
TONK,1996,662.52,25.711885245901637,42.33172131147541,2.117103825136612,97.25860655737705,39.31
TONK,1997,611.25,25.157753424657535,45.935753424657534,2.218109589041096,97.38671232876713,56.28
TONK,1998,487.99,26.25687671232877,41.14224657534247,2.1065479452054796,97.3081095890411,40.87
TONK,1999,304.74,27.12117808219178,33.56276712328767,2.2766849315068494,97.22602739726027,24.74
TONK,2000,313.19,26.83068306010929,31.58505464480874,2.2939617486338797,97.19360655737705,20.64
TONK,2001,540.97,26.28041095890411,36.77958904109589,2.021780821917808,97.26484931506849,61.95
TONK,2002,241.42,27.57945205479452,31.635178082191782,2.259013698630137,97.27273972602741,28.79
TONK,2003,472.75,26.100575342465753,41.25731506849315,2.0983013698630137,97.31413698630136,24.74
TONK,2004,611.21,26.44191256830601,41.737814207650274,2.1028142076502734,97.3131693989071,49.01
TONK,2005,443.53000000000003,26.073616438356165,39.138164383561644,2.1315342465753426,97.30630136986302,26.94
TONK,2006,561.77,26.751424657534248,41.78832876712329,2.143780821917808,97.28506849315069,40.67
TONK,2007,549.63,26.284082191780822,41.69235616438356,2.075260273972603,97.2741095890411,31.64
TONK,2008,534.0,25.908551912568306,42.39292349726776,1.981366120218579,97.2722950819672,49.84
TONK,2009,379.51,27.146520547945205,39.09704109589041,2.174986301369863,97.27539726027396,33.73
TONK,2010,653.0,26.401205479452056,47.232246575342465,2.0013972602739725,97.26230136986301,27.83
TONK,2011,721.43,25.482821917808216,49.02827397260274,1.982082191780822,97.25391780821919,48.57
TONK,2012,670.42,25.28030054644809,43.2331693989071,2.0638251366120217,97.26901639344263,45.08
TONK,2013,804.44,24.965342465753427,50.19041095890411,1.996109589041096,97.30315068493151,40.14
TONK,2014,622.31,25.714191780821917,46.264356164383564,2.2035068493150685,97.38060273972603,45.5
TONK,2015,648.13,25.69676712328767,45.512,2.0394794520547945,97.41476712328767,33.6
TONK,2016,860.21,26.30866120218579,45.42669398907103,2.047158469945355,97.32079234972679,61.31
TONK,2017,504.71,26.453561643835613,40.38942465753424,2.1493972602739726,97.31978082191782,32.67
TONK,2018,804.71,25.980794520547946,43.983342465753424,2.106931506849315,97.30224657534247,50.44
TONK,2019,1033.18,25.186,53.39073972602739,1.9405753424657533,97.37564383561644,75.39
TONK,2020,569.36,25.72486338797814,48.92101092896175,1.9366939890710384,97.33991803278687,35.29
TONK,2021,1061.28,25.84841095890411,52.524410958904106,2.0723561643835615,97.27282191780823,108.85
TONK,2022,1016.88,25.694027397260275,54.14273972602739,2.0574794520547948,97.24301369863012,65.17
UDAIPUR,1986,571.77,24.562931506849313,39.33315068493151,2.515945205479452,94.6077808219178,44.29
UDAIPUR,1987,311.96,25.802301369863013,35.47753424657534,2.486082191780822,94.6692602739726,38.67
UDAIPUR,1988,620.02,25.456120218579237,42.2244262295082,2.4648907103825137,94.56336065573771,38.14
UDAIPUR,1989,480.39,24.96928767123288,38.078657534246574,2.465232876712329,94.61852054794521,39.09
UDAIPUR,1990,653.67,24.861068493150682,47.078712328767125,2.477123287671233,94.59397260273974,37.12
UDAIPUR,1991,465.07,25.1767397260274,38.07668493150685,2.411479452054795,94.62512328767123,32.09
UDAIPUR,1992,665.89,24.37535519125683,44.70415300546448,2.3863661202185793,94.67603825136612,55.42
UDAIPUR,1993,649.64,25.108082191780824,42.43013698630137,2.50358904109589,94.66112328767123,60.22
UDAIPUR,1994,959.78,24.219780821917805,47.22101369863013,2.388301369863014,94.6112602739726,72.01
UDAIPUR,1995,339.94,25.298547945205478,39.47621917808219,2.4905753424657533,94.60172602739725,23.94
UDAIPUR,1996,736.47,24.53295081967213,44.99844262295082,2.3986885245901637,94.58,40.28
UDAIPUR,1997,878.99,23.53295890410959,52.411150684931506,2.418904109589041,94.69413698630137,60.24
UDAIPUR,1998,681.12,24.895671232876712,45.23219178082192,2.4063013698630136,94.61545205479452,44.61
UDAIPUR,1999,458.85,25.23835616438356,40.144246575342464,2.5322739726027397,94.56879452054795,48.76
UDAIPUR,2000,479.73,25.170655737704916,37.838879781420765,2.556857923497268,94.54098360655738,97.67
UDAIPUR,2001,461.57,25.037753424657534,39.331616438356164,2.410082191780822,94.58561643835617,41.22
UDAIPUR,2002,314.86,25.80194520547945,35.58268493150685,2.5984931506849316,94.62558904109588,32.39
UDAIPUR,2003,420.43,25.037123287671232,42.790383561643836,2.574739726027397,94.62964383561643,28.93
UDAIPUR,2004,598.83,25.203907103825134,43.73262295081967,2.37172131147541,94.64226775956284,137.3
UDAIPUR,2005,613.03,24.54512328767123,43.746,2.312794520547945,94.62841095890411,53.98
UDAIPUR,2006,752.84,25.063753424657534,47.83476712328767,2.299753424657534,94.61416438356164,37.52
UDAIPUR,2007,547.98,25.213369863013696,44.12912328767123,2.359698630136986,94.58805479452054,48.91
UDAIPUR,2008,541.01,24.684617486338798,44.94390710382514,2.4167486338797812,94.59024590163934,53.65
UDAIPUR,2009,572.29,25.50350684931507,43.9987397260274,2.3625479452054794,94.6093698630137,51.61
UDAIPUR,2010,881.96,25.059616438356166,50.90358904109589,2.333150684931507,94.58035616438357,69.62
UDAIPUR,2011,673.85,24.693287671232873,49.18772602739726,2.3575068493150684,94.56515068493151,39.51
UDAIPUR,2012,756.74,24.085628415300548,47.29303278688525,2.4322677595628415,94.58674863387978,140.94
UDAIPUR,2013,631.43,24.24345205479452,49.429972602739724,2.2966849315068494,94.60090410958905,55.25
UDAIPUR,2014,548.7,24.69909589041096,47.01731506849315,2.407972602739726,94.69479452054794,41.57
UDAIPUR,2015,558.31,24.916273972602742,45.41265753424657,2.4552876712328766,94.71887671232876,63.42
UDAIPUR,2016,886.0600000000001,25.03445355191257,47.37010928961748,2.238415300546448,94.66445355191257,53.42
UDAIPUR,2017,790.0699999999999,24.863616438356164,46.09043835616438,2.352,94.6498904109589,72.46
UDAIPUR,2018,512.69,25.246356164383563,41.95419178082192,2.2852328767123287,94.64153424657533,36.73
UDAIPUR,2019,934.5,24.180191780821918,54.56523287671233,2.2764383561643835,94.68380821917808,87.02
UDAIPUR,2020,915.26,24.2248087431694,54.340300546448084,2.2511475409836064,94.646912568306,54.81
UDAIPUR,2021,704.38,24.84953424657534,51.8814794520548,2.388493150684931,94.59969863013698,50.66
UDAIPUR,2022,840.36,24.81068493150685,51.383726027397266,2.3758904109589043,94.58295890410959,46.16
