district,sub_district,geographical_area_ha,flood_affected_area_ha,flood_affected_percent,weather_location,annual_rainfall_mm,avg_temperature_c,avg_humidity_percent,avg_wind_speed_mps,avg_pressure_kpa,max_daily_rainfall_mm
AJMER,TANTOTI,15092.49,707.51,4.69,Ajmer,884.28,25.239972602739726,51.77394520547946,2.3450410958904113,96.48123287671233,47.15
AJMER,BIJAYNAGAR,30119.18,497.73,1.65,Ajmer,884.28,25.239972602739726,51.77394520547946,2.3450410958904113,96.48123287671233,47.15
AJMER,RUPANGARH,57221.96,2347.26,4.1,Ajmer,884.28,25.239972602739726,51.77394520547946,2.3450410958904113,96.48123287671233,47.15
AJMER,AJMER,68932.23,269.92,0.39,Ajmer,884.28,25.239972602739726,51.77394520547946,2.3450410958904113,96.48123287671233,47.15
AJMER,BHINAY,79171.7,1095.62,1.38,Ajmer,884.28,25.239972602739726,51.77394520547946,2.3450410958904113,96.48123287671233,47.15
AJMER,PEESANGAN,63018.8,1510.48,2.4,Ajmer,884.28,25.239972602739726,51.77394520547946,2.3450410958904113,96.48123287671233,47.15
AJMER,SAWAR,31719.88,3857.49,12.16,Ajmer,884.28,25.239972602739726,51.77394520547946,2.3450410958904113,96.48123287671233,47.15
AJMER,ARAIN,53650.21,1009.14,1.88,Ajmer,884.28,25.239972602739726,51.77394520547946,2.3450410958904113,96.48123287671233,47.15
AJMER,KISHANGARH,55463.44,134.35,0.24,Ajmer,884.28,25.239972602739726,51.77394520547946,2.3450410958904113,96.48123287671233,47.15
AJMER,KEKRI,64879.69,2878.44,4.44,Ajmer,884.28,25.239972602739726,51.77394520547946,2.3450410958904113,96.48123287671233,47.15
AJMER,SARWAR,85124.24,3520.53,4.14,Ajmer,884.28,25.239972602739726,51.77394520547946,2.3450410958904113,96.48123287671233,47.15
ALWAR,BAHROR,33451.94,1609.74,4.81,Alwar,871.59,25.33841095890411,51.558684931506846,1.9256164383561645,97.9010410958904,42.43
ALWAR,MANDAWAR,55139.7,4803.47,8.71,Alwar,871.59,25.33841095890411,51.558684931506846,1.9256164383561645,97.9010410958904,42.43
ALWAR,BANSUR,68251.87,8300.36,12.16,Alwar,871.59,25.33841095890411,51.558684931506846,1.9256164383561645,97.9010410958904,42.43
ALWAR,THANAGAZI,81938.7,1423.35,1.74,Alwar,871.59,25.33841095890411,51.558684931506846,1.9256164383561645,97.9010410958904,42.43
ALWAR,KOTKASIM,33326.18,3167.26,9.5,Alwar,871.59,25.33841095890411,51.558684931506846,1.9256164383561645,97.9010410958904,42.43
ALWAR,TIJARA,66505.48,30.61,0.05,Alwar,871.59,25.33841095890411,51.558684931506846,1.9256164383561645,97.9010410958904,42.43
BANSWARA,GANGARTALAI,20935.43,192.33,0.92,Banswara,1255.92,25.60254794520548,58.89161643835616,2.455068493150685,97.6763287671233,50.62
BANSWARA,AMBAPURA,22039.47,791.34,3.59,Banswara,1255.92,25.60254794520548,58.89161643835616,2.455068493150685,97.6763287671233,50.62
BANSWARA,GANORA,24316.61,1174.63,4.83,Banswara,1255.92,25.60254794520548,58.89161643835616,2.455068493150685,97.6763287671233,50.62
BANSWARA,WAGIDORA,28617.72,97.19,0.34,Banswara,1255.92,25.60254794520548,58.89161643835616,2.455068493150685,97.6763287671233,50.62
BANSWARA,ANANDPURI,32259.17,979.74,3.04,Banswara,1255.92,25.60254794520548,58.89161643835616,2.455068493150685,97.6763287671233,50.62
BANSWARA,SAJJANGARH,37563.05,291.48,0.78,Banswara,1255.92,25.60254794520548,58.89161643835616,2.455068493150685,97.6763287671233,50.62
BANSWARA,GHATOL,49884.09,1080.12,2.17,Banswara,1255.92,25.60254794520548,58.89161643835616,2.455068493150685,97.6763287671233,50.62
BANSWARA,BANSWARA,50509.25,440.17,0.87,Banswara,1255.92,25.60254794520548,58.89161643835616,2.455068493150685,97.6763287671233,50.62
BANSWARA,KUSHALGARH,62457.66,4.05,0.01,Banswara,1255.92,25.60254794520548,58.89161643835616,2.455068493150685,97.6763287671233,50.62
BANSWARA,GARHI,68512.25,1777.06,2.59,Banswara,1255.92,25.60254794520548,58.89161643835616,2.455068493150685,97.6763287671233,50.62
BARAN,CHHIPA BAROD,81746.78,3997.33,4.89,Baran,1470.7,25.520246575342465,57.583506849315064,2.0935068493150686,97.5129589041096,96.79
BARAN,KISHANGANJ,137211.0,5762.72,4.2,Baran,1470.7,25.520246575342465,57.583506849315064,2.0935068493150686,97.5129589041096,96.79
BARAN,CHHABRA,76951.76,9023.08,11.73,Baran,1470.7,25.520246575342465,57.583506849315064,2.0935068493150686,97.5129589041096,96.79
BARAN,SHAHBAD,141492.11,634.02,0.45,Baran,1470.7,25.520246575342465,57.583506849315064,2.0935068493150686,97.5129589041096,96.79
BARMER,SAMDARI,80548.48,6885.85,8.55,Barmer,376.87,27.43660273972603,40.639698630136984,2.9112602739726023,98.3885205479452,32.8
BARMER,GUDHAMALANI,124423.03,9305.57,7.48,Barmer,376.87,27.43660273972603,40.639698630136984,2.9112602739726023,98.3885205479452,32.8
BARMER,PACHPADRA,335228.84,7020.33,2.09,Barmer,376.87,27.43660273972603,40.639698630136984,2.9112602739726023,98.3885205479452,32.8
BARMER,BAYTOO,138324.76,275.66,0.2,Barmer,376.87,27.43660273972603,40.639698630136984,2.9112602739726023,98.3885205479452,32.8
BARMER,SINDARI,158110.47,7375.3,4.66,Barmer,376.87,27.43660273972603,40.639698630136984,2.9112602739726023,98.3885205479452,32.8
BARMER,SERWA,252901.45,2420.59,0.96,Barmer,376.87,27.43660273972603,40.639698630136984,2.9112602739726023,98.3885205479452,32.8
BHARATPUR,RUPWAS,54031.05,2701.15,5.0,Bharatpur,1143.68,25.176575342465757,55.28495890410959,1.8394246575342466,98.53049315068492,92.54
BHARATPUR,BAYANA,75032.66,494.37,0.66,Bharatpur,1143.68,25.176575342465757,55.28495890410959,1.8394246575342466,98.53049315068492,92.54
BHILWARA,HAMIRGARH,24371.24,3855.93,15.82,Bhilwara,971.98,24.814383561643837,53.797616438356165,2.311808219178082,95.4474794520548,59.65
BHILWARA,BADNOR,36790.34,621.35,1.69,Bhilwara,971.98,24.814383561643837,53.797616438356165,2.311808219178082,95.4474794520548,59.65
BHILWARA,KARERA,54497.39,472.81,0.87,Bhilwara,971.98,24.814383561643837,53.797616438356165,2.311808219178082,95.4474794520548,59.65
BHILWARA,SAHARA,62435.74,513.1,0.82,Bhilwara,971.98,24.814383561643837,53.797616438356165,2.311808219178082,95.4474794520548,59.65
BHILWARA,BANERA,63790.11,31.64,0.05,Bhilwara,971.98,24.814383561643837,53.797616438356165,2.311808219178082,95.4474794520548,59.65
BHILWARA,ASIND,72269.87,1799.48,2.49,Bhilwara,971.98,24.814383561643837,53.797616438356165,2.311808219178082,95.4474794520548,59.65
BHILWARA,MANDAL,62713.21,1322.04,2.11,Bhilwara,971.98,24.814383561643837,53.797616438356165,2.311808219178082,95.4474794520548,59.65
BHILWARA,BHILWARA,69286.19,3035.88,4.38,Bhilwara,971.98,24.814383561643837,53.797616438356165,2.311808219178082,95.4474794520548,59.65
BHILWARA,HURARA,60183.4,1008.02,1.67,Bhilwara,971.98,24.814383561643837,53.797616438356165,2.311808219178082,95.4474794520548,59.65
BHILWARA,PHULIYA KALAN,42369.13,1734.73,4.09,Bhilwara,971.98,24.814383561643837,53.797616438356165,2.311808219178082,95.4474794520548,59.65
BHILWARA,MANDALGARH,89498.71,6832.84,7.63,Bhilwara,971.98,24.814383561643837,53.797616438356165,2.311808219178082,95.4474794520548,59.65
BHILWARA,KOTARI,89815.42,8034.91,8.95,Bhilwara,971.98,24.814383561643837,53.797616438356165,2.311808219178082,95.4474794520548,59.65
BHILWARA,JAHAJPUR,103968.05,8945.89,8.6,Bhilwara,971.98,24.814383561643837,53.797616438356165,2.311808219178082,95.4474794520548,59.65
BUNDI,INDERGARH,61279.77,9828.18,16.04,Bundi,1383.12,25.442849315068493,56.57843835616438,2.0332054794520547,97.3403287671233,71.39
BUNDI,BUNDI,92855.34,142.69,0.15,Bundi,1383.12,25.442849315068493,56.57843835616438,2.0332054794520547,97.3403287671233,71.39
CHITTAURGARH,KAPASAN,49286.46,677.57,1.37,Chittorgarh,1042.16,24.900602739726025,54.66660273972603,2.2385479452054797,95.50586301369863,62.28
CHITTAURGARH,GANGRAR,53518.71,742.19,1.39,Chittorgarh,1042.16,24.900602739726025,54.66660273972603,2.2385479452054797,95.50586301369863,62.28
CHITTAURGARH,CHITTAURGARH,94911.69,3269.32,3.44,Chittorgarh,1042.16,24.900602739726025,54.66660273972603,2.2385479452054797,95.50586301369863,62.28
CHITTAURGARH,RAWATBHATA,155485.79,8823.75,5.67,Chittorgarh,1042.16,24.900602739726025,54.66660273972603,2.2385479452054797,95.50586301369863,62.28
CHITTAURGARH,BEGUN,88416.72,643.04,0.73,Chittorgarh,1042.16,24.900602739726025,54.66660273972603,2.2385479452054797,95.50586301369863,62.28
DHAULPUR,SEPAU,29638.33,183.43,0.62,Dholpur,1248.77,25.270767123287673,56.93202739726027,1.8237260273972602,98.76032876712328,68.24
DHAULPUR,RAJAKHERA,38839.56,6390.43,16.45,Dholpur,1248.77,25.270767123287673,56.93202739726027,1.8237260273972602,98.76032876712328,68.24
DHAULPUR,SARMATHURA,62830.9,1801.89,2.87,Dholpur,1248.77,25.270767123287673,56.93202739726027,1.8237260273972602,98.76032876712328,68.24
DHAULPUR,BARI,77006.81,2330.47,3.03,Dholpur,1248.77,25.270767123287673,56.93202739726027,1.8237260273972602,98.76032876712328,68.24
DUNGARPUR,GALIACOT,18887.9,1036.85,5.49,Dungarpur,1120.26,25.21249315068493,57.162410958904104,2.410767123287671,96.81912328767125,41.62
DUNGARPUR,CHIKHLI,24292.84,807.69,3.32,Dungarpur,1120.26,25.21249315068493,57.162410958904104,2.410767123287671,96.81912328767125,41.62
DUNGARPUR,ASPUR,33568.9,973.14,2.9,Dungarpur,1120.26,25.21249315068493,57.162410958904104,2.410767123287671,96.81912328767125,41.62
DUNGARPUR,SABLA,34648.56,3092.24,8.92,Dungarpur,1120.26,25.21249315068493,57.162410958904104,2.410767123287671,96.81912328767125,41.62
DUNGARPUR,SIMALWARA,39584.58,174.12,0.44,Dungarpur,1120.26,25.21249315068493,57.162410958904104,2.410767123287671,96.81912328767125,41.62
DUNGARPUR,BICHHIWARA,50309.28,92.02,0.18,Dungarpur,1120.26,25.21249315068493,57.162410958904104,2.410767123287671,96.81912328767125,41.62
DUNGARPUR,SAGWARA,59680.35,1153.16,1.93,Dungarpur,1120.26,25.21249315068493,57.162410958904104,2.410767123287671,96.81912328767125,41.62
DUNGARPUR,DUNGARPUR,77209.0,209.91,0.27,Dungarpur,1120.26,25.21249315068493,57.162410958904104,2.410767123287671,96.81912328767125,41.62
GANGANAGAR,VIJAY NAGAR,81033.64,12050.05,14.87,Sri Ganganagar,567.65,26.663863013698627,40.36882191780822,1.8204109589041098,98.76728767123286,47.36
GANGANAGAR,ANUPGARH,111398.8,12987.5,11.66,Sri Ganganagar,567.65,26.663863013698627,40.36882191780822,1.8204109589041098,98.76728767123286,47.36
HANUMANGARH,SANGHRIYA,63679.47,23.52,0.04,Hanumangarh,607.83,26.482246575342465,41.87720547945206,1.885150684931507,98.59498630136986,46.97
HANUMANGARH,TIBI,72384.28,4195.85,5.8,Hanumangarh,607.83,26.482246575342465,41.87720547945206,1.885150684931507,98.59498630136986,46.97
HANUMANGARH,PILIBANGA,96833.64,7557.7,7.8,Hanumangarh,607.83,26.482246575342465,41.87720547945206,1.885150684931507,98.59498630136986,46.97
JAIPUR,VIRAT NAGAR,46646.27,3905.46,8.37,Jaipur,960.87,24.778794520547947,53.19098630136986,2.0715616438356164,96.21583561643835,41.69
JAIPUR,CHAKSU,50040.17,308.34,0.62,Jaipur,960.87,24.778794520547947,53.19098630136986,2.0715616438356164,96.21583561643835,41.69
JAIPUR,SHAHPURA,50853.3,3160.17,6.21,Jaipur,960.87,24.778794520547947,53.19098630136986,2.0715616438356164,96.21583561643835,41.69
JAIPUR,MOZAMABAD,62189.98,3144.78,5.06,Jaipur,960.87,24.778794520547947,53.19098630136986,2.0715616438356164,96.21583561643835,41.69
JAIPUR,RENWAL,56596.31,2616.18,4.62,Jaipur,960.87,24.778794520547947,53.19098630136986,2.0715616438356164,96.21583561643835,41.69
JAIPUR,SANGANER,68380.03,971.67,1.42,Jaipur,960.87,24.778794520547947,53.19098630136986,2.0715616438356164,96.21583561643835,41.69
JAIPUR,KOTPUTLI,78278.61,5220.52,6.67,Jaipur,960.87,24.778794520547947,53.19098630136986,2.0715616438356164,96.21583561643835,41.69
JAIPUR,PHAGI,107744.28,10889.7,10.11,Jaipur,960.87,24.778794520547947,53.19098630136986,2.0715616438356164,96.21583561643835,41.69
JAIPUR,CHOMU,65808.48,5838.37,8.87,Jaipur,960.87,24.778794520547947,53.19098630136986,2.0715616438356164,96.21583561643835,41.69
JAIPUR,AMER,85637.49,850.79,0.99,Jaipur,960.87,24.778794520547947,53.19098630136986,2.0715616438356164,96.21583561643835,41.69
JAIPUR,JAIPUR,50861.46,1718.33,3.38,Jaipur,960.87,24.778794520547947,53.19098630136986,2.0715616438356164,96.21583561643835,41.69
JAIPUR,PHULERA,93718.41,1754.35,1.87,Jaipur,960.87,24.778794520547947,53.19098630136986,2.0715616438356164,96.21583561643835,41.69
JAIPUR,DUDU,66875.48,943.68,1.41,Jaipur,960.87,24.778794520547947,53.19098630136986,2.0715616438356164,96.21583561643835,41.69
JALOR,BHINMAL,56369.38,3681.32,6.53,Jalore,730.4,26.737534246575343,49.23090410958904,2.517095890410959,98.9168493150685,39.78
JALOR,BAGORA,78689.9,9777.27,12.43,Jalore,730.4,26.737534246575343,49.23090410958904,2.517095890410959,98.9168493150685,39.78
JALOR,SAYLA,92799.98,5723.45,6.17,Jalore,730.4,26.737534246575343,49.23090410958904,2.517095890410959,98.9168493150685,39.78
JALOR,RANIWARA,97405.4,3074.38,3.16,Jalore,730.4,26.737534246575343,49.23090410958904,2.517095890410959,98.9168493150685,39.78
JALOR,JASWANTPURA,103471.07,8229.98,7.95,Jalore,730.4,26.737534246575343,49.23090410958904,2.517095890410959,98.9168493150685,39.78
JALOR,JALOR,124721.27,11954.46,9.58,Jalore,730.4,26.737534246575343,49.23090410958904,2.517095890410959,98.9168493150685,39.78
JALOR,CHITALWANA,169829.85,39923.02,23.51,Jalore,730.4,26.737534246575343,49.23090410958904,2.517095890410959,98.9168493150685,39.78
JALOR,AHORE,181544.87,5946.89,3.28,Jalore,730.4,26.737534246575343,49.23090410958904,2.517095890410959,98.9168493150685,39.78
JHALAWAR,GANGDHAR,89406.72,2777.72,3.11,Jhalawar,1171.45,25.512438356164385,56.912301369863016,2.284054794520548,96.8830410958904,103.13
JHALAWAR,ASNAWAR,28462.24,3825.49,13.44,Jhalawar,1171.45,25.512438356164385,56.912301369863016,2.284054794520548,96.8830410958904,103.13
JHALAWAR,AKLERA,76534.46,3792.23,4.95,Jhalawar,1171.45,25.512438356164385,56.912301369863016,2.284054794520548,96.8830410958904,103.13
JHALAWAR,KHANPUR,90107.69,5539.47,6.15,Jhalawar,1171.45,25.512438356164385,56.912301369863016,2.284054794520548,96.8830410958904,103.13
JHALAWAR,ASNAWAR,95922.25,7389.92,7.7,Jhalawar,1171.45,25.512438356164385,56.912301369863016,2.284054794520548,96.8830410958904,103.13
JHALAWAR,MANOHARTHANA,61229.13,2609.6,4.26,Jhalawar,1171.45,25.512438356164385,56.912301369863016,2.284054794520548,96.8830410958904,103.13
JHALAWAR,PACHPHAR,68376.37,5178.31,7.57,Jhalawar,1171.45,25.512438356164385,56.912301369863016,2.284054794520548,96.8830410958904,103.13
JHALAWAR,PIDDAWA,99845.16,3651.34,3.66,Jhalawar,1171.45,25.512438356164385,56.912301369863016,2.284054794520548,96.8830410958904,103.13
JODHPUR,LUNI,162501.34,8912.37,5.48,Jodhpur,603.15,26.55328767123288,48.474657534246575,2.48,98.35780821917808,37.54
JODHPUR,BILARA,103688.13,6845.81,6.6,Jodhpur,603.15,26.55328767123288,48.474657534246575,2.48,98.35780821917808,37.54
JODHPUR,JODHPUR,180538.72,3353.87,1.86,Jodhpur,603.15,26.55328767123288,48.474657534246575,2.48,98.35780821917808,37.54
KARAULI,MANDRAIL,55460.1,528.81,0.95,Karauli,1204.74,25.141506849315068,56.11476712328767,1.8935890410958902,97.63194520547947,58.31
KARAULI,SAPOTRA,130676.76,1001.1,0.77,Karauli,1204.74,25.141506849315068,56.11476712328767,1.8935890410958902,97.63194520547947,58.31
KOTA,SANGOD,48882.86,5499.49,11.25,Kota,1364.74,25.068575342465756,57.75895890410959,2.2136438356164385,96.54994520547946,70.7
NAGAUR,RIYANBADDI,110271.49,3999.8,3.63,Nagaur,614.29,26.085260273972604,46.50476712328768,2.468054794520548,97.18079452054793,34.76
NAGAUR,NAWA,105440.44,7668.55,7.27,Nagaur,614.29,26.085260273972604,46.50476712328768,2.468054794520548,97.18079452054793,34.76
PALI,RANI,75616.44,6509.59,8.61,Pali,603.15,26.55328767123288,48.474657534246575,2.48,98.35780821917808,37.54
PALI,DESURI,80315.77,4296.06,5.35,Pali,603.15,26.55328767123288,48.474657534246575,2.48,98.35780821917808,37.54
PALI,SUMERPUR,93359.99,4888.25,5.24,Pali,603.15,26.55328767123288,48.474657534246575,2.48,98.35780821917808,37.54
PALI,RAIPUR,105782.62,2796.96,2.64,Pali,603.15,26.55328767123288,48.474657534246575,2.48,98.35780821917808,37.54
PALI,JAITARAN,132705.89,6809.72,5.13,Pali,603.15,26.55328767123288,48.474657534246575,2.48,98.35780821917808,37.54
PALI,ROHAT,132679.49,18460.07,13.91,Pali,603.15,26.55328767123288,48.474657534246575,2.48,98.35780821917808,37.54
PALI,BALI,135753.22,7097.72,5.23,Pali,603.15,26.55328767123288,48.474657534246575,2.48,98.35780821917808,37.54
PALI,MARWAR JUN,136256.45,14474.94,10.62,Pali,603.15,26.55328767123288,48.474657534246575,2.48,98.35780821917808,37.54
PALI,PALI,136638.31,12403.41,9.08,Pali,603.15,26.55328767123288,48.474657534246575,2.48,98.35780821917808,37.54
PALI,SOJAT,162888.24,13647.65,8.38,Pali,603.15,26.55328767123288,48.474657534246575,2.48,98.35780821917808,37.54
PRATAPGARH,ARNOD,63067.42,461.35,0.73,Pratapgarh,1245.05,24.828465753424656,58.525698630136986,2.52413698630137,95.91041095890412,57.24
PRATAPGARH,PIPALKHUNT,81289.37,1049.82,1.29,Pratapgarh,1245.05,24.828465753424656,58.525698630136986,2.52413698630137,95.91041095890412,57.24
PRATAPGARH,PRATAPGARH,127166.04,1995.26,1.57,Pratapgarh,1245.05,24.828465753424656,58.525698630136986,2.52413698630137,95.91041095890412,57.24
PRATAPGARH,DHARIYAWAD,86082.34,4945.56,5.75,Pratapgarh,1245.05,24.828465753424656,58.525698630136986,2.52413698630137,95.91041095890412,57.24
RAJ SAMAND,KHAMNOR,25563.37,109.2,0.43,Rajsamand,965.51,24.10923287671233,54.17353424657534,2.3665205479452056,94.03090410958904,41.92
RAJ SAMAND,BHIM,64070.36,58.91,0.09,Rajsamand,965.51,24.10923287671233,54.17353424657534,2.3665205479452056,94.03090410958904,41.92
RAJ SAMAND,NATHDWARA,50619.48,829.14,1.64,Rajsamand,965.51,24.10923287671233,54.17353424657534,2.3665205479452056,94.03090410958904,41.92
RAJ SAMAND,DEVGARH,56521.8,324.99,0.57,Rajsamand,965.51,24.10923287671233,54.17353424657534,2.3665205479452056,94.03090410958904,41.92
RAJ SAMAND,RAJ SAMAND,58700.55,1238.51,2.11,Rajsamand,965.51,24.10923287671233,54.17353424657534,2.3665205479452056,94.03090410958904,41.92
RAJ SAMAND,RELMAGRA,54565.34,3531.73,6.47,Rajsamand,965.51,24.10923287671233,54.17353424657534,2.3665205479452056,94.03090410958904,41.92
SAWAI MADHOPUR,MALARNADUNGAR,36249.28,3228.3,8.91,Sawai Madhopur,1386.8899999999999,25.261945205479453,57.624273972602744,1.9024383561643836,97.74405479452055,66.98
SAWAI MADHOPUR,BAUNLI,60301.58,1475.29,2.45,Sawai Madhopur,1386.8899999999999,25.261945205479453,57.624273972602744,1.9024383561643836,97.74405479452055,66.98
SAWAI MADHOPUR,SAWAI MADHOPUR,106144.06,5904.78,5.56,Sawai Madhopur,1386.8899999999999,25.261945205479453,57.624273972602744,1.9024383561643836,97.74405479452055,66.98
SAWAI MADHOPUR,KHANDHAR,98945.44,11019.92,11.14,Sawai Madhopur,1386.8899999999999,25.261945205479453,57.624273972602744,1.9024383561643836,97.74405479452055,66.98
SIROHI,ABU ROAD,84443.18,165.8,0.2,Sirohi,896.79,25.45317808219178,52.046383561643836,2.3033698630136987,96.34668493150686,38.76
SIROHI,SHEOGANJ,85044.15,3807.27,4.48,Sirohi,896.79,25.45317808219178,52.046383561643836,2.3033698630136987,96.34668493150686,38.76
SIROHI,SIROHI,112944.24,3583.59,3.17,Sirohi,896.79,25.45317808219178,52.046383561643836,2.3033698630136987,96.34668493150686,38.76
SIROHI,REVDAR,104422.26,550.86,0.53,Sirohi,896.79,25.45317808219178,52.046383561643836,2.3033698630136987,96.34668493150686,38.76
TONK,DUNI,55529.62,2632.92,4.74,Tonk,1288.06,25.26745205479452,56.26427397260274,1.9889315068493152,97.31145205479451,56.83
TONK,PIPLU,67152.33,8296.36,12.35,Tonk,1288.06,25.26745205479452,56.26427397260274,1.9889315068493152,97.31145205479451,56.83
TONK,NIWAI,98772.56,2969.8,3.01,Tonk,1288.06,25.26745205479452,56.26427397260274,1.9889315068493152,97.31145205479451,56.83
TONK,MALPURA,143488.46,3010.45,2.1,Tonk,1288.06,25.26745205479452,56.26427397260274,1.9889315068493152,97.31145205479451,56.83
TONK,DEVLI,62509.77,5776.2,9.24,Tonk,1288.06,25.26745205479452,56.26427397260274,1.9889315068493152,97.31145205479451,56.83
TONK,TONK,74019.96,10894.6,14.72,Tonk,1288.06,25.26745205479452,56.26427397260274,1.9889315068493152,97.31145205479451,56.83
TONK,TODA RAISINGH,96325.22,8553.62,8.88,Tonk,1288.06,25.26745205479452,56.26427397260274,1.9889315068493152,97.31145205479451,56.83
TONK,UNIARA,95169.54,1898.38,1.99,Tonk,1288.06,25.26745205479452,56.26427397260274,1.9889315068493152,97.31145205479451,56.83
UDAIPUR,RISHABHDEV,45932.25,380.75,0.83,Udaipur,1072.73,24.32076712328767,55.71613698630137,2.349095890410959,94.6352602739726,46.76
UDAIPUR,SEMARI,26825.39,917.43,3.42,Udaipur,1072.73,24.32076712328767,55.71613698630137,2.349095890410959,94.6352602739726,46.76
UDAIPUR,KHERWARA,61205.26,392.42,0.64,Udaipur,1072.73,24.32076712328767,55.71613698630137,2.349095890410959,94.6352602739726,46.76
UDAIPUR,SARARA,77835.11,1922.17,2.47,Udaipur,1072.73,24.32076712328767,55.71613698630137,2.349095890410959,94.6352602739726,46.76
UDAIPUR,MAVLI,78806.45,34.46,0.04,Udaipur,1072.73,24.32076712328767,55.71613698630137,2.349095890410959,94.6352602739726,46.76
UDAIPUR,SALUMBER,94202.57,2857.14,3.03,Udaipur,1072.73,24.32076712328767,55.71613698630137,2.349095890410959,94.6352602739726,46.76
UDAIPUR,VALLABHNAGAR,103887.34,14.24,0.01,Udaipur,1072.73,24.32076712328767,55.71613698630137,2.349095890410959,94.6352602739726,46.76
UDAIPUR,GIRWA,136212.49,331.94,0.24,Udaipur,1072.73,24.32076712328767,55.71613698630137,2.349095890410959,94.6352602739726,46.76
UDAIPUR,JHAROL,137083.44,6.21,0.0,Udaipur,1072.73,24.32076712328767,55.71613698630137,2.349095890410959,94.6352602739726,46.76
UDAIPUR,LASADIYA,56083.7,1.92,0.0,Udaipur,1072.73,24.32076712328767,55.71613698630137,2.349095890410959,94.6352602739726,46.76
UDAIPUR,GOGUNDA,110255.91,14.22,0.01,Udaipur,1072.73,24.32076712328767,55.71613698630137,2.349095890410959,94.6352602739726,46.76
UDAIPUR,KOTRA,153704.4,390.39,0.25,Udaipur,1072.73,24.32076712328767,55.71613698630137,2.349095890410959,94.6352602739726,46.76
UDAIPUR,BARGAON,44121.17,164.14,0.37,Udaipur,1072.73,24.32076712328767,55.71613698630137,2.349095890410959,94.6352602739726,46.76
