risk_rank,district,sub_district,flood_affected_percent,risk_category,risk_score
1,JALOR,CHITALWANA,23.51,Very High,4
2,DHAULPUR,RAJAKHERA,16.45,Very High,4
3,BUNDI,INDERGARH,16.04,Very High,4
4,BHILWARA,HAMIRGARH,15.82,Very High,4
5,GANGANAGAR,VIJAY NAGAR,14.87,Very High,4
6,TONK,TONK,14.72,Very High,4
7,PALI,ROHAT,13.91,Very High,4
8,JHALAWAR,ASNAWAR,13.44,Very High,4
9,JALOR,BAGORA,12.43,Very High,4
10,TONK,PIPLU,12.35,Very High,4
11,AJMER,SAWAR,12.16,Very High,4
12,ALWAR,BANSUR,12.16,Very High,4
13,BARAN,CHHABRA,11.73,Very High,4
14,GANGANAGAR,ANUPGARH,11.66,Very High,4
15,KOTA,SANGOD,11.25,Very High,4
16,SAWAI MADHOPUR,KHANDHAR,11.14,Very High,4
17,PALI,MARWAR JUN,10.62,Very High,4
18,JAIPUR,PHAGI,10.11,Very High,4
19,JALOR,JALOR,9.58,Very High,4
20,ALWAR,KOTKASIM,9.5,Very High,4
21,TONK,DEVLI,9.24,Very High,4
22,PALI,PALI,9.08,Very High,4
23,BHILWARA,KOTARI,8.95,Very High,4
24,DUNGARPUR,SABLA,8.92,Very High,4
25,SAWAI MADHOPUR,MALARNADUNGAR,8.91,Very High,4
26,TONK,TODA RAISINGH,8.88,Very High,4
27,JAIPUR,CHOMU,8.87,Very High,4
28,ALWAR,MANDAWAR,8.71,Very High,4
29,PALI,RANI,8.61,Very High,4
30,BHILWARA,JAHAJPUR,8.6,Very High,4
31,BARMER,SAMDARI,8.55,Very High,4
32,PALI,SOJAT,8.38,Very High,4
33,JAIPUR,VIRAT NAGAR,8.37,Very High,4
34,JALOR,JASWANTPURA,7.95,Very High,4
35,HANUMANGARH,PILIBANGA,7.8,Very High,4
36,JHALAWAR,ASNAWAR,7.7,Very High,4
37,BHILWARA,MANDALGARH,7.63,Very High,4
38,JHALAWAR,PACHPHAR,7.57,Very High,4
39,BARMER,GUDHAMALANI,7.48,Very High,4
40,NAGAUR,NAWA,7.27,Very High,4
41,JAIPUR,KOTPUTLI,6.67,Very High,4
42,JODHPUR,BILARA,6.6,High,3
43,JALOR,BHINMAL,6.53,High,3
44,RAJ SAMAND,RELMAGRA,6.47,High,3
45,JAIPUR,SHAHPURA,6.21,High,3
46,JALOR,SAYLA,6.17,High,3
47,JHALAWAR,KHANPUR,6.15,High,3
48,HANUMANGARH,TIBI,5.8,High,3
49,PRATAPGARH,DHARIYAWAD,5.75,High,3
50,CHITTAURGARH,RAWATBHATA,5.67,High,3
51,SAWAI MADHOPUR,SAWAI MADHOPUR,5.56,High,3
52,DUNGARPUR,GALIACOT,5.49,High,3
53,JODHPUR,LUNI,5.48,High,3
54,PALI,DESURI,5.35,High,3
55,PALI,SUMERPUR,5.24,High,3
56,PALI,BALI,5.23,High,3
57,PALI,JAITARAN,5.13,High,3
58,JAIPUR,MOZAMABAD,5.06,High,3
59,BHARATPUR,RUPWAS,5.0,High,3
60,JHALAWAR,AKLERA,4.95,High,3
61,BARAN,CHHIPA BAROD,4.89,High,3
62,BANSWARA,GANORA,4.83,High,3
63,ALWAR,BAHROR,4.81,High,3
64,TONK,DUNI,4.74,High,3
65,AJMER,TANTOTI,4.69,High,3
66,BARMER,SINDARI,4.66,High,3
67,JAIPUR,RENWAL,4.62,High,3
68,SIROHI,SHEOGANJ,4.48,High,3
69,AJMER,KEKRI,4.44,High,3
70,BHILWARA,BHILWARA,4.38,High,3
71,JHALAWAR,MANOHARTHANA,4.26,High,3
72,BARAN,KISHANGANJ,4.2,High,3
73,AJMER,SARWAR,4.14,High,3
74,AJMER,RUPANGARH,4.1,High,3
75,BHILWARA,PHULIYA KALAN,4.09,High,3
76,JHALAWAR,PIDDAWA,3.66,High,3
77,NAGAUR,RIYANBADDI,3.63,High,3
78,BANSWARA,AMBAPURA,3.59,High,3
79,CHITTAURGARH,CHITTAURGARH,3.44,High,3
80,UDAIPUR,SEMARI,3.42,High,3
81,JAIPUR,JAIPUR,3.38,High,3
82,DUNGARPUR,CHIKHLI,3.32,Moderate,2
83,JALOR,AHORE,3.28,Moderate,2
84,SIROHI,SIROHI,3.17,Moderate,2
85,JALOR,RANIWARA,3.16,Moderate,2
86,JHALAWAR,GANGDHAR,3.11,Moderate,2
87,BANSWARA,ANANDPURI,3.04,Moderate,2
88,DHAULPUR,BARI,3.03,Moderate,2
89,UDAIPUR,SALUMBER,3.03,Moderate,2
90,TONK,NIWAI,3.01,Moderate,2
91,DUNGARPUR,ASPUR,2.9,Moderate,2
92,DHAULPUR,SARMATHURA,2.87,Moderate,2
93,PALI,RAIPUR,2.64,Moderate,2
94,BANSWARA,GARHI,2.59,Moderate,2
95,BHILWARA,ASIND,2.49,Moderate,2
96,UDAIPUR,SARARA,2.47,Moderate,2
97,SAWAI MADHOPUR,BAUNLI,2.45,Moderate,2
98,AJMER,PEESANGAN,2.4,Moderate,2
99,BANSWARA,GHATOL,2.17,Moderate,2
100,BHILWARA,MANDAL,2.11,Moderate,2
101,RAJ SAMAND,RAJ SAMAND,2.11,Moderate,2
102,TONK,MALPURA,2.1,Moderate,2
103,BARMER,PACHPADRA,2.09,Moderate,2
104,TONK,UNIARA,1.99,Moderate,2
105,DUNGARPUR,SAGWARA,1.93,Moderate,2
106,AJMER,ARAIN,1.88,Moderate,2
107,JAIPUR,PHULERA,1.87,Moderate,2
108,JODHPUR,JODHPUR,1.86,Moderate,2
109,ALWAR,THANAGAZI,1.74,Moderate,2
110,BHILWARA,BADNOR,1.69,Moderate,2
111,BHILWARA,HURARA,1.67,Moderate,2
112,AJMER,BIJAYNAGAR,1.65,Moderate,2
113,RAJ SAMAND,NATHDWARA,1.64,Moderate,2
114,PRATAPGARH,PRATAPGARH,1.57,Moderate,2
115,JAIPUR,SANGANER,1.42,Moderate,2
116,JAIPUR,DUDU,1.41,Moderate,2
117,CHITTAURGARH,GANGRAR,1.39,Moderate,2
118,AJMER,BHINAY,1.38,Moderate,2
119,CHITTAURGARH,KAPASAN,1.37,Moderate,2
120,PRATAPGARH,PIPALKHUNT,1.29,Moderate,2
121,JAIPUR,AMER,0.99,Moderate,2
122,BARMER,SERWA,0.96,Low,1
123,KARAULI,MANDRAIL,0.95,Low,1
124,BANSWARA,GANGARTALAI,0.92,Low,1
125,BANSWARA,BANSWARA,0.87,Low,1
126,BHILWARA,KARERA,0.87,Low,1
127,UDAIPUR,RISHABHDEV,0.83,Low,1
128,BHILWARA,SAHARA,0.82,Low,1
129,BANSWARA,SAJJANGARH,0.78,Low,1
130,KARAULI,SAPOTRA,0.77,Low,1
131,CHITTAURGARH,BEGUN,0.73,Low,1
132,PRATAPGARH,ARNOD,0.73,Low,1
133,BHARATPUR,BAYANA,0.66,Low,1
134,UDAIPUR,KHERWARA,0.64,Low,1
135,DHAULPUR,SEPAU,0.62,Low,1
136,JAIPUR,CHAKSU,0.62,Low,1
137,RAJ SAMAND,DEVGARH,0.57,Low,1
138,SIROHI,REVDAR,0.53,Low,1
139,BARAN,SHAHBAD,0.45,Low,1
140,DUNGARPUR,SIMALWARA,0.44,Low,1
141,RAJ SAMAND,KHAMNOR,0.43,Low,1
142,AJMER,AJMER,0.39,Low,1
143,UDAIPUR,BARGAON,0.37,Low,1
144,BANSWARA,WAGIDORA,0.34,Low,1
145,DUNGARPUR,DUNGARPUR,0.27,Low,1
146,UDAIPUR,KOTRA,0.25,Low,1
147,AJMER,KISHANGARH,0.24,Low,1
148,UDAIPUR,GIRWA,0.24,Low,1
149,BARMER,BAYTOO,0.2,Low,1
150,SIROHI,ABU ROAD,0.2,Low,1
151,DUNGARPUR,BICHHIWARA,0.18,Low,1
152,BUNDI,BUNDI,0.15,Low,1
153,RAJ SAMAND,BHIM,0.09,Low,1
154,ALWAR,TIJARA,0.05,Low,1
155,BHILWARA,BANERA,0.05,Low,1
156,HANUMANGARH,SANGHRIYA,0.04,Low,1
157,UDAIPUR,MAVLI,0.04,Low,1
158,BANSWARA,KUSHALGARH,0.01,Low,1
159,UDAIPUR,VALLABHNAGAR,0.01,Low,1
160,UDAIPUR,GOGUNDA,0.01,Low,1
161,UDAIPUR,JHAROL,0.0,Low,1
162,UDAIPUR,LASADIYA,0.0,Low,1
